DesertLabOpen,amin,NA,NA,0.103448276,0.142857143,0,0.034546712
DesertLabOpen,asnu,NA,NA,0.068965517,0.142857143,0,0.034502952
DesertLabOpen,boin,0.011468499,35.91385237,0.413793103,0.714285714,0,0.034893695
DesertLabOpen,brru,0.034912952,-18.92441816,0.448275862,37.64285714,0,0.045953947
DesertLabOpen,cach,0.004047998,-564.0890411,0.137931034,2.214285714,0,0.035108295
DesertLabOpen,chbr,NA,NA,0.206896552,0.964285714,0,0.03469963
DesertLabOpen,chri,NA,NA,0.034482759,0.035714286,0,0.034489344
DesertLabOpen,chst,0.005396221,-380.3549929,0.310344828,3.071428571,0,0.035431002
DesertLabOpen,cran,0.003188462,-1240.579781,0.172413793,2.464285714,0,0.035232293
DesertLabOpen,crba,NA,NA,0.103448276,0.357142857,0,0.034627651
DesertLabOpen,crco,NA,NA,0.034482759,0.214285714,0,0.034509975
DesertLabOpen,crpt,0.010632393,-133.1113365,0.172413793,3.107142857,0,0.035897857
DesertLabOpen,dapu,0.017402435,-32.30863695,0.896551724,33.21428571,17.5,0.050595202
DesertLabOpen,depi,NA,NA,0.103448276,0.107142857,0,0.034522647
DesertLabOpen,drcu,0.004796782,-46.92758839,0.551724138,10.17857143,1.5,0.038405295
DesertLabOpen,erab,NA,NA,0.034482759,0.821428571,0,0.034587087
DesertLabOpen,erci,0.05483454,-3.58922503,0.965517241,81.5,48.5,0.084545952
DesertLabOpen,erde,NA,NA,0.034482759,1.392857143,0,0.034688013
DesertLabOpen,erdi,0.047569498,-14.14379993,0.586206897,25.28571429,3,0.044978932
DesertLabOpen,erla,0.053290667,-20.6042481,0.896551724,104.5,58,0.080311446
DesertLabOpen,erte,0.005545792,4.628470716,0.965517241,15.82142857,13.5,0.048491159
DesertLabOpen,ertr,-0.090243042,0.917455147,0.172413793,0.785714286,0,0.034715615
DesertLabOpen,eumi,0.004822348,-488.6528962,0.275862069,3.428571429,0,0.035178624
DesertLabOpen,evmu,0.062492116,-18.36716404,0.827586207,107.2142857,36,0.078242573
DesertLabOpen,fica,0.013725034,-215.1582386,0.103448276,6.321428571,0,0.035805273
DesertLabOpen,fide,NA,NA,0.068965517,7.178571429,0,0.035500505
DesertLabOpen,gist,NA,NA,0.034482759,0.035714286,0,0.034504963
DesertLabOpen,gula,NA,NA,0.034482759,0.035714286,0,0.034504963
DesertLabOpen,hapa,0.002359742,-753.1422545,0.379310345,2.178571429,0,0.035324007
DesertLabOpen,hehi,0.001448307,-2272.500783,0.103448276,0.821428571,0,0.034640818
DesertLabOpen,lare,0.005348086,-300.6950872,0.448275862,6.535714286,0,0.037057166
DesertLabOpen,lego,0.280915298,-1.465018987,0.413793103,59.75,0,0.053991377
DesertLabOpen,lela,0.022235829,18.34516903,0.586206897,8.285714286,2,0.038845204
DesertLabOpen,libi,NA,NA,0.034482759,0.071428571,0,0.034491831
DesertLabOpen,lohu,0.001442111,-219.2612244,0.206896552,1.535714286,0,0.034959498
DesertLabOpen,losq,NA,NA,0.034482759,0.107142857,0,0.034496367
DesertLabOpen,loto,NA,NA,0.137931034,0.214285714,0,0.03457842
DesertLabOpen,mapa,NA,NA,0.068965517,0.071428571,0,0.034517384
DesertLabOpen,meal,NA,NA,0.034482759,0.035714286,0,0.034487295
DesertLabOpen,mobe,0.022930336,-10.67767863,0.827586207,55.32142857,38.5,0.063019982
DesertLabOpen,negl,NA,NA,0.068965517,0.535714286,0,0.034674474
DesertLabOpen,pehe,0.115870763,-12.31317525,0.620689655,251.7857143,55.5,0.098325997
DesertLabOpen,pepl,NA,NA,0.068965517,0.142857143,0,0.034520066
DesertLabOpen,pere,0.362224969,-2.228529294,0.965517241,611,346.5,0.299193574
DesertLabOpen,phcr,0.015117918,-57.78916334,0.482758621,36.53571429,0.5,0.044738889
DesertLabOpen,phdi,NA,NA,0.068965517,0.071428571,0,0.034511721
DesertLabOpen,plar,0.000373774,2845.920543,0.137931034,0.285714286,0,0.034590003
DesertLabOpen,plin,0.007379253,-1.889203175,0.896551724,135.7857143,25,0.108880551
DesertLabOpen,plpa,-0.068989638,-1.129328972,0.931034483,291.7857143,80,0.149333801
DesertLabOpen,scba,0.127112384,-4.713491818,0.931034483,262.3571429,163,0.16208194
DesertLabOpen,sian,0.000643915,-1410.872176,0.103448276,0.142857143,0,0.034519298
DesertLabOpen,siir,NA,NA,0.172413793,1.214285714,0,0.035143335
DesertLabOpen,spec,0.100756531,3.786212267,0.206896552,3.178571429,0,0.035858243
DesertLabOpen,stmi,0.035354688,-13.2938995,0.827586207,68.21428571,22.5,0.065445473
DesertLabOpen,vuoc,0.063348027,-9.544223453,0.551724138,44.10714286,3.5,0.05037065
DesertLabShrub,amin,3.08E+12,2.25E-13,0.285714286,0.777777778,0,0.143131847
DesertLabShrub,asnu,0.001743235,-313.715357,0.142857143,0.666666667,0,0.143095586
DesertLabShrub,boin,0.110994361,-6.15112381,0.80952381,104.6111111,73.5,0.208386318
DesertLabShrub,brru,0.219448913,-8.694444254,0.428571429,338.2222222,2.5,0.204054034
DesertLabShrub,cach,NA,NA,0.095238095,3.333333333,0,0.143592702
DesertLabShrub,chbr,NA,NA,0.19047619,1.277777778,0,0.143363321
DesertLabShrub,chri,NA,NA,0.095238095,0.111111111,0,0.142946313
DesertLabShrub,chst,0.001066739,-2459.028319,0.19047619,0.611111111,0,0.143013384
DesertLabShrub,cran,0.011598431,-218.4693772,0.238095238,7.944444444,0,0.145874238
DesertLabShrub,crba,0.000275406,-645.8626446,0.19047619,0.833333333,0,0.143290779
DesertLabShrub,crco,NA,NA,0.047619048,0.055555556,0,0.14286678
DesertLabShrub,crne,NA,NA,0.095238095,0.277777778,0,0.142950275
DesertLabShrub,crpt,0.008046477,-91.06741061,0.333333333,11.61111111,0,0.147738469
DesertLabShrub,dapu,0.023305765,-40.77109728,0.761904762,33,16,0.161864337
DesertLabShrub,depi,0.001348618,868.8175565,0.142857143,0.277777778,0,0.142957229
DesertLabShrub,drcu,0.046142172,-19.27381788,0.761904762,106,30,0.178020043
DesertLabShrub,erci,0.031065893,-6.690066021,0.80952381,12,9.5,0.160826076
DesertLabShrub,erde,NA,NA,0.047619048,0.055555556,0,0.142870257
DesertLabShrub,erdi,0.026253107,12.03569828,0.571428571,7.666666667,3,0.146441731
DesertLabShrub,erla,0.008308483,-62.37540291,0.571428571,28.27777778,6,0.152366754
DesertLabShrub,erte,0.002398239,-465.0698002,0.523809524,2.277777778,1.5,0.144604928
DesertLabShrub,ertr,NA,NA,0.047619048,0.055555556,0,0.14286678
DesertLabShrub,eumi,0.059934567,-4.725166677,0.619047619,76.27777778,5.5,0.174448025
DesertLabShrub,evmu,0.017849743,-14.00323506,0.571428571,51.5,16,0.162497301
DesertLabShrub,fica,0.012000472,-300.3095403,0.142857143,6.555555556,0,0.144656503
DesertLabShrub,fide,NA,NA,0.095238095,9.5,0,0.144572578
DesertLabShrub,gula,NA,NA,0.095238095,0.111111111,0,0.142879895
DesertLabShrub,hapa,-0.007144318,36.57611743,0.285714286,3.111111111,0,0.150002088
DesertLabShrub,hehi,NA,NA,0.047619048,0.222222222,0,0.142895693
DesertLabShrub,lare,0.010319891,-100.2695808,0.666666667,24.05555556,6.5,0.151786557
DesertLabShrub,lego,0.093969401,-11.49788153,0.428571429,58.33333333,2,0.16287924
DesertLabShrub,lela,0.035855437,23.34728507,0.428571429,13.27777778,1.5,0.14772663
DesertLabShrub,libi,NA,NA,0.047619048,0.166666667,0,0.142886055
DesertLabShrub,lohu,0.00290543,-835.4390077,0.142857143,1,0,0.143213875
DesertLabShrub,loto,NA,NA,0.142857143,0.277777778,0,0.14305966
DesertLabShrub,mapa,NA,NA,0.095238095,0.111111111,0,0.142896284
DesertLabShrub,meal,NA,NA,0.095238095,0.444444444,0,0.143073307
DesertLabShrub,mobe,0.005360385,-463.5180458,0.380952381,4.277777778,0,0.144203514
DesertLabShrub,oepr,NA,NA,0.047619048,0.055555556,0,0.142889253
DesertLabShrub,pehe,0.072855701,-5.634746861,0.857142857,141.7222222,64,0.204594148
DesertLabShrub,pepl,0.005261395,-701.7255889,0.142857143,1.888888889,0,0.143294218
DesertLabShrub,pere,0.482513238,0.945309119,0.80952381,458,370,0.415251263
DesertLabShrub,phcr,0.011923357,-273.4212834,0.238095238,9.333333333,0,0.145004837
DesertLabShrub,phdi,NA,NA,0.142857143,0.166666667,0,0.142912005
DesertLabShrub,plar,NA,NA,0.047619048,0.166666667,0,0.142896487
DesertLabShrub,plin,0.002941552,-90.01237081,0.666666667,11.44444444,8,0.149412394
DesertLabShrub,plpa,0.014090082,-30.45577929,0.714285714,39.55555556,16,0.157584647
DesertLabShrub,pobi,NA,NA,0.142857143,1,0,0.143186315
DesertLabShrub,scba,0.130379727,-5.411063605,0.857142857,255,108,0.27782535
DesertLabShrub,sian,NA,NA,0.095238095,0.222222222,0,0.14296311
DesertLabShrub,siir,0.018772891,-142.1544026,0.476190476,11.83333333,2,0.150728684
DesertLabShrub,spec,0.002212634,-418.4452759,0.476190476,3.888888889,1,0.144188624
DesertLabShrub,stmi,0.023357933,-92.87255412,0.714285714,50.22222222,6.5,0.158855189
DesertLabShrub,vuoc,0.015078298,-27.76178937,0.714285714,44.77777778,7,0.159042658
JornadaCS,ALIN,NA,NA,0.003389831,6.44E-05,0,6.44E-05
JornadaCS,ALLI1,NA,NA,0.003389831,0.000128814,0,5.40E-07
JornadaCS,ALMA,NA,NA,0.003389831,0.000528814,0,2.47E-06
JornadaCS,AMCH,0.023309351,11.76661347,0.027118644,0.000684746,0,1.54E-05
JornadaCS,APRA,NA,NA,0.006779661,0.022383051,0,9.06E-05
JornadaCS,ARGL,NA,NA,0.010169492,0.210881356,0,0.00059514
JornadaCS,ARIS1,0.038144632,-27.62375217,0.074576271,0.394884746,0,0.010222758
JornadaCS,ARLO,NA,NA,0.013559322,0.173691525,0,0.003350499
JornadaCS,ARNE,NA,NA,0.020338983,0.112315254,0,0.001875445
JornadaCS,ARPU,NA,NA,0.006779661,0.010535593,0,0.000367552
JornadaCS,ARPU1,NA,NA,0.003389831,0.004379661,0,2.03E-05
JornadaCS,ARWR,0.378480911,-1.055728703,0.094915254,3.182037288,0,0.033141965
JornadaCS,ASAL,NA,NA,0.010169492,0.245508475,0,0.000802027
JornadaCS,ASCL1,NA,NA,0.003389831,0.000318644,0,4.74E-06
JornadaCS,ASNU,NA,NA,0.013559322,0.002111864,0,3.63E-05
JornadaCS,ASTE,NA,NA,0.006779661,0.006111864,0,3.18E-05
JornadaCS,ASTE1,NA,NA,0.016949153,0.002077966,0,1.67E-05
JornadaCS,ASTR1,NA,NA,0.003389831,0.000538983,0,1.70E-06
JornadaCS,ASWO,NA,NA,0.010169492,0.017291525,0,0.00041058
JornadaCS,BAAB,0.302816208,-0.58955219,0.583050847,1.374054237,0.02,0.021514976
JornadaCS,BAMU,0.002891152,-396.8057792,0.325423729,1.040840678,0,0.006397616
JornadaCS,BAPE,NA,NA,0.010169492,0.000922034,0,6.94E-06
JornadaCS,BOER,NA,NA,0.003389831,0.002789831,0,0.000129477
JornadaCS,BOUT1,NA,NA,0.003389831,1.36E-05,0,8.82E-06
JornadaCS,CABA,0.028623098,-51.70873108,0.027118644,0.009674576,0,0.000279001
JornadaCS,CACH,NA,NA,0.006779661,0.009471186,0,4.18E-05
JornadaCS,CAWR,NA,NA,0.016949153,0.007915254,0,9.64E-05
JornadaCS,CHCO,0.015523439,181.5433958,0.06440678,0.02220678,0,0.000117248
JornadaCS,CHIN,NA,NA,0.003389831,8.47E-05,0,1.16E-06
JornadaCS,CHST,NA,NA,0.010169492,0.004291525,0,0.000131501
JornadaCS,COCO,NA,NA,0.006779661,0.000118644,0,8.93E-07
JornadaCS,CRAN,0.003839422,-1127.854234,0.159322034,0.14820678,0,0.000684088
JornadaCS,CRCR,NA,NA,0.13559322,0.964861017,0,0.004159199
JornadaCS,CRMI,0.016774059,-84.00324758,0.149152542,0.671711864,0,0.003269611
JornadaCS,CRPO,-0.012157467,-17.29395582,0.077966102,0.209576271,0,0.001075754
JornadaCS,CRPT,NA,NA,0.057627119,0.283532203,0,0.001681775
JornadaCS,CRYP1,NA,NA,0.081355932,0.085671186,0,0.000540735
JornadaCS,CSDL1,NA,NA,0.027118644,0.000176271,0,2.55E-05
JornadaCS,CYGY,NA,NA,0.010169492,0.019901695,0,8.15E-05
JornadaCS,DAPU,-0.373276376,-0.394264872,0.481355932,2.601518644,0,0.099456497
JornadaCS,DEPI,0.159159251,-21.32462212,0.345762712,11.05191864,0,0.058806533
JornadaCS,DIWI,0.015209129,-33.10720397,0.152542373,0.632969492,0,0.002417582
JornadaCS,DYPE,NA,NA,0.023728814,0.011986441,0,0.000118496
JornadaCS,ENDE,NA,NA,0.006779661,0.011481356,0,0.000116656
JornadaCS,ERAB,0.00777614,31.57793008,0.33559322,0.151769492,0,0.001161232
JornadaCS,ERAN,NA,NA,0.006779661,3.39E-05,0,2.28E-06
JornadaCS,ERBE,NA,NA,0.016949153,0.014586441,0,6.02E-05
JornadaCS,ERCA,NA,NA,0.006779661,0.000938983,0,6.51E-06
JornadaCS,ERDI,0.155683374,-12.98624902,0.33559322,2.684159322,0,0.012000987
JornadaCS,ERDV,NA,NA,0.003389831,0.052589831,0,0.000138791
JornadaCS,ERIG1,NA,NA,0.006779661,0.002145763,0,1.43E-05
JornadaCS,ERIO1,NA,NA,0.003389831,1.69E-05,0,1.48E-07
JornadaCS,ERPU,0.215992348,0.308763945,0.301694915,3.746538983,0,0.071244428
JornadaCS,ERRO,0.195607919,-9.214950198,0.308474576,0.419098305,0,0.012954956
JornadaCS,ERTR,1.05938811,-1.512853456,0.403389831,5.150532203,0,0.032087667
JornadaCS,EUAL,0.422148311,-2.015022,0.189830508,1.320535593,0,0.007987351
JornadaCS,EUMI,NA,NA,0.027118644,0.141094915,0,0.004128626
JornadaCS,EUPH1,NA,NA,0,0,0,0
JornadaCS,EUSE,NA,NA,0.023728814,0.004945763,0,0.000298443
JornadaCS,EUSR,NA,NA,0.003389831,3.39E-06,0,6.77E-08
JornadaCS,HAGR,0.014018073,-20.52355017,0.033898305,0.002501695,0,6.87E-05
JornadaCS,IPLO,0.003270689,-1736.438849,0.047457627,0.014277966,0,9.46E-05
JornadaCS,IVAM,NA,NA,0.057627119,0.367122034,0,0.001710519
JornadaCS,LARE,NA,NA,0.006779661,0.003335593,0,1.64E-05
JornadaCS,LEER,NA,NA,0.010169492,0.015186441,0,0.000138802
JornadaCS,LELA,0.024902278,-68.78980338,0.088135593,0.564098305,0,0.002757815
JornadaCS,LEPI1,NA,NA,0.003389831,2.03E-05,0,3.59E-07
JornadaCS,LEVI,NA,NA,0.006779661,0.004,0,1.76E-05
JornadaCS,LIBI,NA,NA,0.003389831,0.000711864,0,1.32E-06
JornadaCS,LIVE,NA,NA,0.003389831,1.02E-05,0,8.19E-08
JornadaCS,LONE,NA,NA,0.023728814,0.029430508,0,0.000105088
JornadaCS,MAFE,NA,NA,0.040677966,0.011044068,0,3.92E-05
JornadaCS,MAPI,NA,NA,0.003389831,9.15E-05,0,2.86E-06
JornadaCS,MELE,0.040187683,-70.87204727,0.111864407,0.343216949,0,0.002134576
JornadaCS,MILI,NA,NA,0.006779661,0.00800339,0,0.000248405
JornadaCS,MUPO,-0.022986194,-0.037161008,0.762711864,66.87694576,29.426,0.527017268
JornadaCS,NAHI,NA,NA,0.047457627,0.419261017,0,0.002017041
JornadaCS,OEPR,NA,NA,0.003389831,4.41E-05,0,1.24E-07
JornadaCS,PEAN,NA,NA,0.010169492,0.001172881,0,2.18E-05
JornadaCS,PECT1,NA,NA,0.006779661,8.47E-05,0,7.20E-06
JornadaCS,PENA,0.151698926,-1.623089681,0.257627119,0.465725424,0,0.023541878
JornadaCS,PHAC1,NA,NA,0.06779661,1.234010169,0,0.00905488
JornadaCS,PHCO,NA,NA,0.047457627,0.237423729,0,0.001412178
JornadaCS,PHIN,NA,NA,0.037288136,2.234762712,0,0.010179024
JornadaCS,PLPA,NA,NA,0.003389831,0.001461017,0,4.11E-06
JornadaCS,POAC1,NA,NA,0.003389831,0.009559322,0,5.02E-05
JornadaCS,RANE,NA,NA,0.016949153,1.12779322,0,0.002447435
JornadaCS,SACY,NA,NA,0.006779661,0.004681356,0,2.73E-05
JornadaCS,SAKA,NA,NA,0.006779661,0.00120678,0,9.13E-06
JornadaCS,SCAR,NA,NA,0.016949153,0.005389831,0,0.000129508
JornadaCS,SCBR,0.305722771,1.866740048,0.105084746,0.037986441,0,0.017507997
JornadaCS,SELE,-0.001882739,-18.05606765,0.037288136,0.118020339,0,0.000635507
JornadaCS,SELO,NA,NA,0.033898305,0.012016949,0,9.95E-05
JornadaCS,SOEL,0.004778632,-411.8372188,0.061016949,0.02679322,0,0.000152707
JornadaCS,SPOR1,NA,NA,0.040677966,0.079783051,0,0.000354187
JornadaCS,SPSU,NA,NA,0.003389831,1.69E-05,0,9.70E-08
JornadaCS,SPVEG,NA,NA,0.023728814,0.026935593,0,0.000123275
JornadaCS,STAR,0.009616518,-552.9904096,0.108474576,0.876837288,0,0.002756534
JornadaCS,STEX,NA,NA,0.003389831,0.000294915,0,1.26E-06
JornadaCS,STPA,NA,NA,0.003389831,0.003389831,0,1.86E-05
JornadaCS,TAAN,NA,NA,0.003389831,4.07E-05,0,2.54E-07
JornadaCS,TALI1,NA,NA,0.003389831,0.001850847,0,1.83E-05
JornadaCS,TECO,NA,NA,0.003389831,0.001264407,0,3.58E-06
JornadaCS,TILA,NA,NA,0.016949153,0.001176271,0,3.19E-05
JornadaCS,UKFO1,NA,NA,0.023728814,0.006935593,0,1.96E-05
JornadaCS,UKFO4,NA,NA,0.003389831,0.003389831,0,2.24E-05
JornadaCS,UKFO5,NA,NA,0.003389831,0.000142373,0,3.82E-07
JornadaCS,UKGS1,NA,NA,0.003389831,0.001338983,0,0.000134247
JornadaCS,VEEN,NA,NA,0.016949153,0.010620339,0,0.000131449
JornadaCS,VEWR,NA,NA,0.027118644,0.073149153,0,0.00042358
JornadaCS,VUOC,NA,NA,0.003389831,0.004769492,0,1.26E-05
 JornadaCW,ARIS1,0.216109633,-20.72854478,0.036363636,0.069287273,0,0.008214014
 JornadaCW,ARNE,0.229049257,-6.307125387,0.021818182,0.027858182,0,0.00455056
 JornadaCW,ARWR,0.707654414,-0.341461704,0.101818182,0.896483636,0,0.048741549
 JornadaCW,ASAL,NA,NA,0.014545455,0.015763636,0,0.001375316
 JornadaCW,ASNU,NA,NA,0.047272727,0.001992727,0,0.000780775
 JornadaCW,ASTE,NA,NA,0.018181818,0.002865455,0,9.13E-05
 JornadaCW,ASTE1,NA,NA,0.007272727,3.64E-05,0,2.71E-06
 JornadaCW,ASTR1,NA,NA,0.018181818,0.000247273,0,8.21E-06
 JornadaCW,ASWO,NA,NA,0.003636364,1.82E-05,0,1.38E-06
 JornadaCW,BAAB,-0.022030339,-5.223780715,0.210909091,0.147509091,0,0.013085826
 JornadaCW,BAMU,5.03E-05,27435.20569,0.16,0.03408,0,0.001641773
 JornadaCW,BAPE,NA,NA,0.003636364,7.27E-05,0,2.14E-06
 JornadaCW,CABA,NA,NA,0.003636364,0.008443636,0,9.63E-05
 JornadaCW,CACH,NA,NA,0.032727273,0.319970909,0,0.005666224
 JornadaCW,CAWR,NA,NA,0.014545455,0.010189091,0,0.000261957
 JornadaCW,CHCO,NA,NA,0.003636364,3.64E-06,0,4.09E-08
 JornadaCW,CHST,NA,NA,0.025454545,0.004087273,0,0.000472967
 JornadaCW,CRAN,NA,NA,0.047272727,0.012923636,0,0.000380307
 JornadaCW,CRCR,NA,NA,0.036363636,2.587581818,0,0.026115819
 JornadaCW,CRMI,NA,NA,0.094545455,0.015469091,0,0.001107753
 JornadaCW,CRPT,NA,NA,0.007272727,0.064152727,0,0.000883318
 JornadaCW,CRYP1,0.028392714,-56.57933685,0.330909091,0.156309091,0,0.008367089
 JornadaCW,CSDL1,0.01392018,-156.3172499,0.334545455,0.149338182,0,0.007560885
 JornadaCW,DAPU,0.18623645,-0.543857673,0.323636364,0.004447273,0,0.02395363
 JornadaCW,DEPI,0.369854301,-4.023070389,0.447272727,1.122527273,0,0.048056152
 JornadaCW,DIWI,0.004425393,-67.95201015,0.152727273,0.059781818,0,0.000940956
 JornadaCW,DRCU,NA,NA,0.007272727,2.18E-05,0,1.81E-07
 JornadaCW,DYPE,NA,NA,0.007272727,0.001076364,0,5.99E-05
 JornadaCW,ERAB,0.446894057,3.821709206,0.214545455,0.011570909,0,0.003770072
 JornadaCW,ERBE,NA,NA,0.003636364,3.64E-06,0,1.01E-06
 JornadaCW,ERDI,0.00228245,3964.696422,0.189090909,0.059912727,0,0.001061013
 JornadaCW,ERIO1,NA,NA,0.003636364,3.64E-06,0,9.43E-05
 JornadaCW,ERPU,-0.147131184,-0.75693563,0.269090909,0.078643636,0,0.033433785
 JornadaCW,ERRO,NA,NA,0.192727273,0.007763636,0,0.005192511
 JornadaCW,ERTR,0.004554839,-356.1786239,0.243636364,0.012029091,0,0.000426673
 JornadaCW,ESME,NA,NA,0.003636364,9.09E-05,0,7.10E-07
 JornadaCW,EUAL,NA,NA,0.014545455,0.00132,0,3.82E-05
 JornadaCW,EUMC,NA,NA,0.003636364,0.000210909,0,2.50E-05
 JornadaCW,GILI1,NA,NA,0.010909091,5.82E-05,0,1.02E-05
 JornadaCW,GSDL1,NA,NA,0.003636364,1.82E-05,0,1.73E-07
 JornadaCW,HAGR,NA,NA,0.010909091,0.000123636,0,3.49E-05
 JornadaCW,HOMU,NA,NA,0.003636364,0.005850909,0,9.90E-05
 JornadaCW,IPLO,NA,NA,0.025454545,0.000705455,0,4.02E-05
 JornadaCW,IVAM,NA,NA,0.04,0.017792727,0,0.000399427
 JornadaCW,LEER,NA,NA,0.010909091,0.008145455,0,0.001520573
 JornadaCW,LEFE,NA,NA,0.003636364,0.000803636,0,2.87E-06
 JornadaCW,LEGO,NA,NA,0.003636364,1.82E-05,0,4.09E-07
 JornadaCW,LELA,0.046789574,-36.54555383,0.127272727,0.038941818,0,0.001052894
 JornadaCW,LEPI1,NA,NA,0.021818182,0.001123636,0,1.47E-05
 JornadaCW,LEVI,NA,NA,0.029090909,0.000363636,0,3.80E-05
 JornadaCW,LIBI,NA,NA,0.014545455,6.91E-05,0,3.81E-06
 JornadaCW,LONE,NA,NA,0.025454545,0.00604,0,0.000126133
 JornadaCW,MAFE,NA,NA,0.109090909,0.05268,0,0.001122878
 JornadaCW,MELE,0.066840126,-8.244564547,0.08,0.248116364,0,0.002563143
 JornadaCW,MENT1,NA,NA,0.003636364,7.27E-06,0,2.46E-07
 JornadaCW,MILI,NA,NA,0.025454545,0.01564,0,0.002690479
 JornadaCW,MUPO,0.840022586,-1.463433656,0.796363636,32.30946182,15.329,0.670806799
 JornadaCW,NAHI,NA,NA,0.058181818,0.00924,0,0.001059727
 JornadaCW,OEAL,NA,NA,0.014545455,0.007207273,0,8.44E-05
 JornadaCW,OENO1,NA,NA,0.003636364,0.000214545,0,1.60E-06
 JornadaCW,OEPR,NA,NA,0.050909091,0.008716364,0,0.00017244
 JornadaCW,PENA,1.590780135,-1.049936142,0.141818182,0.021803636,0,0.018865986
 JornadaCW,PHAC1,0.502644208,-17.16495712,0.134545455,0.40632,0,0.015877151
 JornadaCW,PHCO,NA,NA,0.065454545,0.051021818,0,0.003380271
 JornadaCW,PLPA,NA,NA,0.021818182,0.054887273,0,0.002075527
 JornadaCW,RANE,NA,NA,0.018181818,0.007501818,0,0.00057291
 JornadaCW,SAKA,NA,NA,0.018181818,0.000647273,0,1.94E-05
 JornadaCW,SCAR,NA,NA,0.025454545,0.003709091,0,0.000367149
 JornadaCW,SCBR,2.185790751,0.16598697,0.047272727,0.003618182,0,0.022947685
 JornadaCW,SELE,0.014731507,-67.67241553,0.029090909,0.063381818,0,0.002200209
 JornadaCW,SELO,NA,NA,0.018181818,0.002967273,0,0.000121816
 JornadaCW,SILE,NA,NA,0.003636364,3.64E-06,0,1.84E-07
 JornadaCW,SPOR1,NA,NA,0.007272727,0.001836364,0,1.79E-05
 JornadaCW,SPVEG,NA,NA,0.018181818,0.023287273,0,0.000622972
 JornadaCW,STAR,0.02603799,-93.69689001,0.130909091,0.178941818,0,0.003545466
 JornadaCW,STEX,NA,NA,0.032727273,0.024312727,0,0.000437344
 JornadaCW,UKFO1,NA,NA,0.014545455,0.001323636,0,7.16E-05
 JornadaCW,UKFO3,NA,NA,0.007272727,0.002269091,0,2.38E-05
 JornadaCW,UKFO5,NA,NA,0.007272727,0.002356364,0,4.93E-05
 JornadaCW,UKGR1,NA,NA,0.007272727,0.000818182,0,3.38E-05
 JornadaCW,UKGS1,NA,NA,0.021818182,0.000905455,0,1.36E-05
 JornadaCW,VEWR,NA,NA,0.021818182,0.019883636,0,0.000448103
 JornadaCW,XAMI,NA,NA,0.003636364,7.27E-06,0,5.31E-07
JornadaGS,ALIN,-0.004136797,-233.0065803,0.113333333,0.097466667,0,0.000242464
JornadaGS,ALLI1,NA,NA,0.07,0.054986667,0,9.50E-05
JornadaGS,AMAR1,NA,NA,0.006666667,0.003883333,0,2.44E-05
JornadaGS,AMCH,0.007283137,-135.6728821,0.21,0.21584,0,0.00058891
JornadaGS,AMFI,NA,NA,0.003333333,0.00053,0,3.26E-06
JornadaGS,APRA,0.025928193,-39.49274584,0.196666667,7.181496667,0,0.016373755
JornadaGS,ARAD,NA,NA,0.006666667,0.003846667,0,2.37E-05
JornadaGS,ARGL,NA,NA,0.026666667,0.31238,0,0.000677275
JornadaGS,ARHA,NA,NA,0.016666667,0.03981,0,0.0001181
JornadaGS,ARIS1,0.003335299,-72.28979799,0.193333333,0.669423333,0,0.002032038
JornadaGS,ARLO,0.047713597,-36.82381839,0.083333333,2.320813333,0,0.00456331
JornadaGS,ARNE,0.013731636,-79.41630017,0.056666667,0.30232,0,0.000650268
JornadaGS,ARPA,NA,NA,0.003333333,0.01376,0,8.78E-05
JornadaGS,ARPE,NA,NA,0.006666667,0.081173333,0,0.000145379
JornadaGS,ARPU,NA,NA,0.053333333,0.355506667,0,0.000957812
JornadaGS,ARPU1,NA,NA,0.013333333,0.0506,0,0.000145959
JornadaGS,ARTE,-0.012772987,-28.45535564,0.036666667,0.20458,0,0.000469394
JornadaGS,ARTE1,NA,NA,0.006666667,0.009756667,0,2.79E-05
JornadaGS,ARWR,0.029151723,-2.577012247,0.11,2.32809,0,0.00635068
JornadaGS,ASCR,NA,NA,0.003333333,0.00083,0,1.73E-06
JornadaGS,ASNU,NA,NA,0.12,0.976623333,0,0.00184935
JornadaGS,ASSU,NA,NA,0.003333333,0.000346667,0,2.83E-06
JornadaGS,ASTE,0.005393469,-340.8806067,0.173333333,4.515233333,0,0.007060671
JornadaGS,ASTE1,NA,NA,0.03,0.01032,0,2.95E-05
JornadaGS,ASTE2,NA,NA,0.01,0.047643333,0,0.000122858
JornadaGS,ASTR1,NA,NA,0.043333333,0.03117,0,4.62E-05
JornadaGS,BAAB,0.013087469,-33.85087344,0.266666667,0.540196667,0,0.001407673
JornadaGS,BABI,NA,NA,0.016666667,1.027636667,0,0.003901327
JornadaGS,BAMU,-0.017242866,-72.41787036,0.226666667,0.11403,0,0.000309654
JornadaGS,BAPE,NA,NA,0.006666667,0.001633333,0,2.58E-06
JornadaGS,BOAR,NA,NA,0.003333333,0.00018,0,1.11E-06
JornadaGS,BOCU,0.011468734,-107.4244087,0.02,0.05068,0,0.000126368
JornadaGS,BOER,0.668369804,-0.691694906,1,269.7759467,256.9095,0.70065127
JornadaGS,BOER1,NA,NA,0.013333333,7.33E-05,0,1.37E-06
JornadaGS,BOSP,NA,NA,0.01,2.00E-05,0,1.24E-07
JornadaGS,BOTO,NA,NA,0.003333333,0.00185,0,5.45E-06
JornadaGS,BRAS1,NA,NA,0.003333333,8.33E-05,0,1.61E-07
JornadaGS,CABA,0.002939164,-26.87771815,0.266666667,0.13345,0,0.001238249
JornadaGS,CACH,NA,NA,0.006666667,0.055866667,0,7.20E-05
JornadaGS,CAJA,0.016242326,-70.16334059,0.083333333,0.330326667,0,0.001077134
JornadaGS,CAWR,0.003020453,-12595.58216,0.08,0.11513,0,0.000153672
JornadaGS,CHCO,0.007975915,-245.7102412,0.09,0.08201,0,0.00020143
JornadaGS,CHIN,0.000550766,-148.1148804,0.216666667,0.057,0,0.000247508
JornadaGS,CHST,0.576826263,-1.990753571,0.12,10.33190667,0,0.011754068
JornadaGS,COCO,NA,NA,0.01,8.00E-04,0,1.45E-06
JornadaGS,CRAN,0.030720247,-74.98583481,0.233333333,1.31369,0,0.004422819
JornadaGS,CRCR,0.107369629,-9.676181944,0.303333333,13.26786,0,0.034150182
JornadaGS,CRMI,0.001709957,-1793.677989,0.206666667,0.285116667,0,0.00044041
JornadaGS,CRPO,-0.00155871,-11.9612425,0.586666667,8.013116667,0.062,0.009958769
JornadaGS,CRPT,NA,NA,0.033333333,1.283136667,0,0.001149982
JornadaGS,CRYP1,-0.043329507,-25.40744157,0.126666667,1.37783,0,0.004351749
JornadaGS,DAPU,0.002643935,-402.040859,0.186666667,0.156576667,0,0.000287033
JornadaGS,DECO,0.315738942,1.2302362,0.093333333,0.216833333,0,0.000729659
JornadaGS,DEPI,0.115894433,-34.22161855,0.31,6.874216667,0,0.014166694
JornadaGS,DEVI,NA,NA,0.006666667,0.00095,0,2.26E-06
JornadaGS,DICA,NA,NA,0.003333333,0.033653333,0,2.25E-05
JornadaGS,DIWI,0.004501415,-81.46714926,0.21,3.274536667,0,0.007568769
JornadaGS,ERAB,0.001179128,-963.2054937,0.366666667,0.20036,0,0.000371547
JornadaGS,ERAN,-0.009918914,-48.29491375,0.08,0.02905,0,0.000215278
JornadaGS,ERBE,NA,NA,0.033333333,0.008743333,0,3.47E-05
JornadaGS,ERCA,NA,NA,0.003333333,0.002603333,0,3.43E-06
JornadaGS,ERDI,0.015065612,-146.9083831,0.31,3.347653333,0,0.004925063
JornadaGS,ERDV,NA,NA,0.01,0.001506667,0,3.05E-06
JornadaGS,ERIG1,NA,NA,0.013333333,0.000426667,0,1.77E-06
JornadaGS,ERLE,0.028440467,-15.52844743,0.083333333,0.452393333,0,0.001074636
JornadaGS,ERPU,0.001125276,-91.6592219,0.203333333,0.30902,0,0.000649971
JornadaGS,ERRO,NA,NA,0.01,0.00069,0,1.24E-06
JornadaGS,ERTE,NA,NA,0.08,1.940996667,0,0.002888259
JornadaGS,ERTR,0.101835337,-23.15058613,0.14,1.901176667,0,0.004107654
JornadaGS,ESME,0.055346,-42.02958518,0.156666667,14.11996667,0,0.012771604
JornadaGS,EUAL,0.002907412,947.6080094,0.036666667,0.013113333,0,2.73E-05
JornadaGS,EUDE,NA,NA,0.02,0.00527,0,2.48E-05
JornadaGS,EUGL,NA,NA,0.043333333,0.006003333,0,4.28E-05
JornadaGS,EUMI,NA,NA,0.02,0.07616,0,0.000325305
JornadaGS,EUPH1,NA,NA,0.003333333,2.00E-05,0,1.84E-07
JornadaGS,EUSE,NA,NA,0.026666667,0.009643333,0,7.89E-05
JornadaGS,EUSR,NA,NA,0.026666667,0.002436667,0,1.46E-05
JornadaGS,EVNU,NA,NA,0.003333333,0.003833333,0,6.18E-06
JornadaGS,GAPI,NA,NA,0.016666667,0.004486667,0,1.01E-05
JornadaGS,GIFL,NA,NA,0.006666667,0.00094,0,1.85E-06
JornadaGS,GILI1,NA,NA,0.05,0.20349,0,0.000271332
JornadaGS,GSDL1,0.000138073,8808.458608,0.1,0.00294,0,2.68E-05
JornadaGS,HAGR,0.002254479,-1083.718357,0.183333333,0.598013333,0,0.000975908
JornadaGS,HEAN,NA,NA,0.003333333,0.002186667,0,3.68E-06
JornadaGS,HECI,NA,NA,0.003333333,6.67E-06,0,3.12E-08
JornadaGS,HELI1,NA,NA,0.013333333,0.000316667,0,6.15E-07
JornadaGS,HEPE,NA,NA,0.026666667,0.014166667,0,4.68E-05
JornadaGS,HODR,0.000877234,-1230.697884,0.053333333,0.007063333,0,3.98E-05
JornadaGS,HOGL,0.005066187,-60.24177269,0.06,0.17382,0,0.000507897
JornadaGS,HYFL,NA,NA,0.056666667,0.06,0,0.000246015
JornadaGS,HYOD,NA,NA,0.006666667,0.0045,0,2.08E-05
JornadaGS,HYVE,NA,NA,0.033333333,0.055876667,0,0.000152065
JornadaGS,IVAM,0.005782446,-174.3855538,0.093333333,1.266183333,0,0.001740609
JornadaGS,KALL1,NA,NA,0.03,0.0424,0,0.000214495
JornadaGS,KRAM1,NA,NA,0.003333333,0.00027,0,5.42E-07
JornadaGS,LARE,NA,NA,0.016666667,0.02316,0,3.16E-05
JornadaGS,LEER,0.004119781,-81.17227234,0.1,0.227733333,0,0.000513197
JornadaGS,LEFE,NA,NA,0.016666667,0.25808,0,0.000526093
JornadaGS,LEGO,NA,NA,0.016666667,0.006356667,0,1.33E-05
JornadaGS,LELA,0.000965114,-1826.409016,0.293333333,7.11703,0,0.011398781
JornadaGS,LEPI1,NA,NA,0.003333333,0.000566667,0,3.11E-06
JornadaGS,LESQ1,NA,NA,0,0,0,0
JornadaGS,LEVI,0.061748189,-51.38303291,0.183333333,10.51354333,0,0.012422839
JornadaGS,LIBI,0.004044479,-1407.289064,0.11,0.549566667,0,0.000664182
JornadaGS,LIVE,0.001967642,-1106.002313,0.096666667,0.079736667,0,0.000451506
JornadaGS,LONE,-0.007844257,-76.39875434,0.126666667,1.900986667,0,0.002724413
JornadaGS,LUCO,0.00622776,-306.1655737,0.093333333,0.881703333,0,0.001093146
JornadaGS,MAFE,NA,NA,0.166666667,0.15838,0,0.000243083
JornadaGS,MAPI,NA,NA,0.006666667,0.001133333,0,6.77E-06
JornadaGS,MATA,NA,NA,0.053333333,0.153876667,0,0.000254919
JornadaGS,MEAL,0.063820828,12.836685,0.083333333,0.408303333,0,0.001029356
JornadaGS,MELE,NA,NA,0.01,0.0665,0,7.15E-05
JornadaGS,MENT1,NA,NA,0.013333333,0.004376667,0,7.36E-06
JornadaGS,MEPU,NA,NA,0.05,0.03956,0,0.00010931
JornadaGS,MILI,NA,NA,0.053333333,1.868553333,0,0.001553136
JornadaGS,MOCE,NA,NA,0.003333333,2.33E-05,0,6.00E-08
JornadaGS,MUAR,0.006304529,-196.8373791,0.08,0.173443333,0,0.000443282
JornadaGS,MUPO,0.021452143,-1.962144696,0.256666667,18.71100333,0,0.033714791
JornadaGS,NAHI,-0.037217495,-90.96365316,0.166666667,2.299576667,0,0.005814829
JornadaGS,NYCT1,NA,NA,0.003333333,4.33E-05,0,7.93E-08
JornadaGS,OEAL,NA,NA,0.006666667,0.000196667,0,4.31E-07
JornadaGS,OENO1,NA,NA,0.003333333,0.00013,0,1.66E-07
JornadaGS,OEPR,NA,NA,0.013333333,0.01426,0,2.28E-05
JornadaGS,PAHA,NA,NA,0.003333333,0.007776667,0,1.69E-05
JornadaGS,PENA,0.010528517,-38.21315091,0.283333333,1.630173333,0,0.003731607
JornadaGS,PEPA,NA,NA,0.006666667,0.000616667,0,1.41E-06
JornadaGS,PHAC1,NA,NA,0.06,0.644466667,0,0.000589825
JornadaGS,PHCO,NA,NA,0.033333333,0.115766667,0,0.000181282
JornadaGS,PHIN,NA,NA,0.033333333,0.825876667,0,0.001559777
JornadaGS,PLPA,0.017959286,-83.77680295,0.296666667,2.954156667,0,0.004664652
JornadaGS,PSTA,0.023231425,-20.1867184,0.176666667,1.622966667,0,0.004331424
JornadaGS,RANE,NA,NA,0.04,1.154353333,0,0.001215444
JornadaGS,SACY,NA,NA,0.016666667,0.004843333,0,1.01E-05
JornadaGS,SAHA,0.002793351,-1115.099994,0.013333333,0.006416667,0,2.11E-05
JornadaGS,SAKA,0.005987849,-75.60922277,0.2,0.477596667,0,0.001592274
JornadaGS,SCAR,NA,NA,0.033333333,0.095936667,0,8.30E-05
JornadaGS,SCBR,0.026828502,-15.99063332,0.163333333,2.038616667,0,0.005012528
JornadaGS,SELE,0.010369698,-90.8428759,0.026666667,0.12417,0,0.000232537
JornadaGS,SELO,NA,NA,0.03,0.081536667,0,0.000202373
JornadaGS,SOEL,0.004717883,-157.3231939,0.163333333,0.19626,0,0.000484026
JornadaGS,SPCC,0.000677194,-5388.521727,0.016666667,0.010906667,0,4.05E-05
JornadaGS,SPHA1,NA,NA,0.006666667,7.67E-05,0,2.98E-07
JornadaGS,SPIN,-0.0024044,-196.3590278,0.07,0.057206667,0,0.0001084
JornadaGS,SPOR1,-0.025974035,-8.646580861,0.296666667,1.391763333,0,0.005874031
JornadaGS,SPSU,-0.002878924,-73.68266198,0.193333333,0.426026667,0,0.00095886
JornadaGS,SPVEG,0.131292734,-4.821548048,0.276666667,5.61858,0,0.019922494
JornadaGS,STAR,NA,NA,0.003333333,0.00035,0,6.37E-07
JornadaGS,STEP1,NA,NA,0.003333333,0.00031,0,6.67E-07
JornadaGS,STEX,0.00596997,-246.0972887,0.116666667,0.519476667,0,0.001368137
JornadaGS,STPA,NA,NA,0.053333333,0.083333333,0,0.000240323
JornadaGS,TAAN,0.000327911,-6414.163166,0.07,0.014716667,0,4.17E-05
JornadaGS,TAAU,NA,NA,0.02,0.025336667,0,7.51E-05
JornadaGS,TALI1,NA,NA,0.053333333,0.028003333,0,0.00016005
JornadaGS,TECO,0.001867322,-480.6154464,0.043333333,0.026206667,0,0.000289849
JornadaGS,TILA,NA,NA,0.046666667,0.01245,0,0.000103225
JornadaGS,TOAN,-0.013800438,-165.5906767,0.036666667,0.016943333,0,0.000106477
JornadaGS,UKFO1,NA,NA,0.046666667,0.00982,0,3.09E-05
JornadaGS,UKFO2,NA,NA,0.006666667,0.006053333,0,3.06E-05
JornadaGS,UKFO3,NA,NA,0.003333333,0.000466667,0,9.52E-07
JornadaGS,UKGR1,NA,NA,0.006666667,3.67E-05,0,1.33E-07
JornadaGS,UKGS1,NA,NA,0.006666667,0.00533,0,9.90E-06
JornadaGS,VEEN,NA,NA,0.003333333,3.33E-05,0,2.72E-07
JornadaGS,VEWR,NA,NA,0.01,0.066046667,0,0.00010339
JornadaGS,VUOC,0.059509895,-30.12047484,0.026666667,0.231523333,0,0.000309043
JornadaGS,XASA,NA,NA,0.016666667,0.00034,0,1.14E-06
JornadaGS,XASP,NA,NA,0.04,0.141453333,0,0.000242645
JornadaGS,XATE,NA,NA,0.033333333,0.00826,0,1.44E-05
JornadaGW,APRA,0.001809995,-1192.178063,0.189473684,0.215554386,0,0.001901897
JornadaGW,ARGL,NA,NA,0.003508772,0.000477193,0,2.04E-06
JornadaGW,ARHA,NA,NA,0.007017544,0.007129825,0,4.74E-05
JornadaGW,ARIS1,0.002912915,-137.4288445,0.164912281,0.106992982,0,0.000720299
JornadaGW,ARLO,NA,NA,0.021052632,0.010084211,0,4.71E-05
JornadaGW,ARNE,-0.005083061,-30.62777437,0.024561404,0.008673684,0,4.19E-05
JornadaGW,ARPA,NA,NA,0.007017544,0.000512281,0,5.12E-06
JornadaGW,ARPU,NA,NA,0.010526316,0.00382807,0,9.12E-06
JornadaGW,ARTE,0.023701512,-23.00012894,0.038596491,0.196687719,0,0.000725283
JornadaGW,ARWR,-0.002623159,-10.56859694,0.150877193,0.660287719,0,0.00414363
JornadaGW,ASNU,0.000233337,-1837.563438,0.18245614,0.140477193,0,0.000663844
JornadaGW,ASTE,0.000865416,-319.8500982,0.175438596,1.445568421,0,0.005829518
JornadaGW,ASTE1,NA,NA,0.021052632,0.000659649,0,6.36E-06
JornadaGW,ASTR1,NA,NA,0.038596491,0.007757895,0,7.73E-05
JornadaGW,ASWO,NA,NA,0.007017544,0.024645614,0,0.000330453
JornadaGW,BAAB,0.000664519,-2966.561406,0.042105263,0.011031579,0,5.13E-05
JornadaGW,BAMU,0.000177483,-14128.98293,0.140350877,0.009624561,0,5.55E-05
JornadaGW,BOCU,0.004368539,-171.8080518,0.038596491,0.052561404,0,0.000187455
JornadaGW,BOER,0.794479734,-0.618141454,1,169.3127263,157.729,0.85857105
JornadaGW,CABA,NA,NA,0.010526316,3.51E-05,0,1.02E-06
JornadaGW,CACH,NA,NA,0.031578947,0.176431579,0,0.000492792
JornadaGW,CAWR,NA,NA,0.084210526,0.199789474,0,0.000750596
JornadaGW,CHCO,NA,NA,0.031578947,0.000607018,0,2.33E-06
JornadaGW,CHIN,NA,NA,0.049122807,0.000968421,0,3.37E-06
JornadaGW,CHST,0.001525725,-1631.377146,0.143859649,0.562217544,0,0.001804402
JornadaGW,COCO,NA,NA,0.003508772,2.81E-05,0,1.61E-07
JornadaGW,CRAN,NA,NA,0.003508772,4.56E-05,0,1.29E-06
JornadaGW,CRCR,NA,NA,0.031578947,10.61597895,0,0.015827864
JornadaGW,CRMI,NA,NA,0.143859649,0.012494737,0,6.78E-05
JornadaGW,CRPT,NA,NA,0.038596491,0.144617544,0,0.000420077
JornadaGW,CRYP1,0.013094483,-49.93591872,0.543859649,0.643505263,0.002,0.00807415
JornadaGW,DAPU,1.37E-05,-81130.01201,0.052631579,0.000185965,0,9.34E-07
JornadaGW,DAWR,NA,NA,0.003508772,0.001645614,0,5.49E-06
JornadaGW,DEPI,0.007328224,-372.2712547,0.435087719,0.635414035,0,0.006526503
JornadaGW,DIWI,-0.018290766,-25.33010453,0.21754386,0.697775439,0,0.007055628
JornadaGW,DRCU,NA,NA,0.024561404,0.000438596,0,2.11E-06
JornadaGW,ENDE,NA,NA,0.014035088,0.015129825,0,0.000175009
JornadaGW,ERAB,4.88E-06,-3943.02747,0.284210526,0.019992982,0,0.000153521
JornadaGW,ERAN,NA,NA,0.052631579,0.003585965,0,3.11E-05
JornadaGW,ERDI,0.000826861,-1680.626048,0.196491228,0.052084211,0,0.000177586
JornadaGW,ERIA1,NA,NA,0.003508772,2.46E-05,0,4.95E-08
JornadaGW,ERIO1,0.001810633,-1102.30484,0.087719298,0.004992982,0,6.85E-05
JornadaGW,ERLE,0.059753614,-36.76149925,0.080701754,0.91194386,0,0.003499614
JornadaGW,ERPU,7.93E-05,-1227.03846,0.147368421,0.007017544,0,3.78E-05
JornadaGW,ERRO,3.45E-05,-223229.1919,0.084210526,0.000947368,0,8.88E-06
JornadaGW,ERTE,-0.001868238,-219.069223,0.101754386,0.275410526,0,0.000997751
JornadaGW,ERTR,NA,NA,0.063157895,0.000768421,0,6.16E-06
JornadaGW,ESME,0.023036882,-62.33773311,0.259649123,3.589715789,0,0.01176617
JornadaGW,EUAL,NA,NA,0.003508772,1.95797193,0,0.002136934
JornadaGW,EUMC,NA,NA,0.007017544,0.000357895,0,1.09E-06
JornadaGW,EVNU,NA,NA,0.007017544,0.040350877,0,0.000274803
JornadaGW,GAPI,NA,NA,0.010526316,0.000550877,0,3.89E-06
JornadaGW,GIFL,NA,NA,0.01754386,0.005175439,0,1.41E-05
JornadaGW,GILI1,NA,NA,0.087719298,0.011242105,0,3.46E-05
JornadaGW,GILI2,NA,NA,0.007017544,8.77E-05,0,1.95E-07
JornadaGW,GSDL1,0.001727276,-391.3255578,0.522807018,0.427263158,0.005,0.002291028
JornadaGW,HAGR,0.000291144,-1012.531804,0.178947368,0.048982456,0,0.000168593
JornadaGW,HODR,NA,NA,0.007017544,6.67E-05,0,1.67E-07
JornadaGW,HYFL,NA,NA,0.042105263,0.048421053,0,0.000518862
JornadaGW,IPLO,NA,NA,0.003508772,4.56E-05,0,6.72E-07
JornadaGW,IVAM,-0.004962836,-280.9194415,0.087719298,0.095312281,0,0.000310367
JornadaGW,LARE,NA,NA,0.007017544,0.007701754,0,2.95E-05
JornadaGW,LEER,NA,NA,0.028070175,0.02554386,0,0.000132447
JornadaGW,LEFE,NA,NA,0.010526316,0.000382456,0,4.83E-06
JornadaGW,LEGO,NA,NA,0.024561404,0.00565614,0,3.15E-05
JornadaGW,LELA,0.010959465,-122.9103145,0.273684211,0.291491228,0,0.001620276
JornadaGW,LEPI1,-0.466966518,-12.56355122,0.133333333,0.077631579,0,0.000281277
JornadaGW,LESQ1,NA,NA,0.01754386,0.000207018,0,1.15E-06
JornadaGW,LEVI,0.000269337,-10121.39804,0.224561404,0.311529825,0,0.00122664
JornadaGW,LIBI,NA,NA,0.119298246,0.099350877,0,0.000313789
JornadaGW,LIVE,NA,NA,0.024561404,0.000677193,0,3.79E-06
JornadaGW,LONE,0.001882581,-135.5495262,0.168421053,1.158884211,0,0.003848371
JornadaGW,LUCO,0.000439896,-11583.16689,0.140350877,0.151477193,0,0.000471858
JornadaGW,MAFE,-0.000461397,-122.2179342,0.30877193,0.553673684,0,0.002902596
JornadaGW,MAPI,NA,NA,0.003508772,4.91E-05,0,6.05E-07
JornadaGW,MEAL,NA,NA,0.056140351,0.012070175,0,4.00E-05
JornadaGW,MENT1,0.000805756,-3433.167473,0.101754386,0.021961404,0,6.13E-05
JornadaGW,MEPU,NA,NA,0.052631579,0.003459649,0,1.40E-05
JornadaGW,MILI,0.046851015,-35.82018067,0.119298246,1.051259649,0,0.00348674
JornadaGW,MUAR,-0.00030127,-633.7629044,0.049122807,0.006157895,0,4.30E-05
JornadaGW,MUPO,0.086258659,-6.192259266,0.238596491,4.901322807,0,0.020492353
JornadaGW,NAHI,-0.000125476,-1931.187704,0.126315789,0.043203509,0,0.00069968
JornadaGW,OEAL,NA,NA,0.063157895,0.006263158,0,2.80E-05
JornadaGW,OENA1,NA,NA,0.007017544,6.67E-05,0,3.55E-07
JornadaGW,OENO1,NA,NA,0.021052632,0.000305263,0,1.58E-06
JornadaGW,OEPR,NA,NA,0.140350877,0.023638596,0,0.000178022
JornadaGW,PAIN,NA,NA,0.003508772,0.000150877,0,3.67E-07
JornadaGW,PENA,NA,NA,0.070175439,0.007007018,0,3.96E-05
JornadaGW,PHAC1,0.00054764,-4067.697054,0.143859649,0.228491228,0,0.000881019
JornadaGW,PHCO,0.000339362,3853.429657,0.052631579,0.017084211,0,6.56E-05
JornadaGW,PLMU,NA,NA,0.007017544,0.000133333,0,8.15E-07
JornadaGW,PLPA,0.067626936,-30.73725988,0.235087719,3.990252632,0,0.013320418
JornadaGW,POPA,NA,NA,0.010526316,0.000122807,0,5.18E-07
JornadaGW,PSDL1,NA,NA,0.003508772,3.51E-05,0,7.92E-08
JornadaGW,PSTA,0.002301511,-367.64327,0.168421053,0.017782456,0,0.000189985
JornadaGW,RANE,NA,NA,0.073684211,0.104873684,0,0.000384463
JornadaGW,SAKA,-0.000408466,-731.14306,0.126315789,0.036719298,0,0.000186705
JornadaGW,SCAR,NA,NA,0.052631579,0.057540351,0,0.000268482
JornadaGW,SCBR,-0.000894978,-194.9289833,0.122807018,0.018080702,0,0.000109811
JornadaGW,SELE,0.104489977,6.325984823,0.010526316,0.089147368,0,0.000310705
JornadaGW,SELO,-0.000698312,-663.1419155,0.056140351,0.038596491,0,0.000136704
JornadaGW,SOOL,NA,NA,0.003508772,0.000108772,0,6.00E-07
JornadaGW,SPCC,NA,NA,0.003508772,7.37E-05,0,4.07E-07
JornadaGW,SPHA1,NA,NA,0.010526316,1.40E-05,0,8.73E-08
JornadaGW,SPIN,0.010414862,190.4145599,0.042105263,0.003221053,0,1.64E-05
JornadaGW,SPOR1,-0.07716471,-33.10735467,0.080701754,0.075354386,0,0.000337264
JornadaGW,SPSA,NA,NA,0.003508772,0.000473684,0,1.29E-06
JornadaGW,SPSU,-0.002968056,-224.7829898,0.136842105,0.036831579,0,0.000134307
JornadaGW,SPVEG,-0.097770572,-1.892681625,0.178947368,1.336508772,0,0.010151949
JornadaGW,STEX,NA,NA,0.059649123,0.01002807,0,2.25E-05
JornadaGW,STPA,NA,NA,0.010526316,0.035087719,0,8.09E-05
JornadaGW,TOAN,3.24E-05,-102476.5525,0.073684211,0.007052632,0,7.56E-05
JornadaGW,UKFO1,0.001418152,-837.8914698,0.066666667,0.019178947,0,8.68E-05
JornadaGW,UKFO2,0.000132368,-10914.20535,0.056140351,0.001168421,0,5.44E-06
JornadaGW,UKGR1,NA,NA,0.01754386,0.014322807,0,5.28E-05
JornadaGW,UKGS1,NA,NA,0.003508772,1.05E-05,0,4.57E-08
JornadaGW,VEWR,NA,NA,0.010526316,0.005589474,0,3.13E-05
JornadaGW,VUOC,NA,NA,0.014035088,0.035508772,0,6.28E-05
JornadaGW,XASA,NA,NA,0.003508772,3.16E-05,0,3.28E-08
JornadaMS,ACWR,NA,NA,0.028571429,0.013657143,0,0.000737915
JornadaMS,AMAR,NA,NA,0.007142857,0.000217857,0,1.79E-05
JornadaMS,AMAR1,NA,NA,0.014285714,0.001603571,0,0.000319954
JornadaMS,AMPA,NA,NA,0.003571429,0.000153571,0,0.000116873
JornadaMS,AMPU,NA,NA,0.003571429,0.000864286,0,0.000271788
JornadaMS,APRA,NA,NA,0.003571429,3.57E-06,0,2.28E-07
JornadaMS,ARAD,NA,NA,0.003571429,0.002492857,0,0.000763509
JornadaMS,ARGL,NA,NA,0.007142857,0.006057143,0,5.51E-05
JornadaMS,ARHA,NA,NA,0.003571429,0.009292857,0,5.50E-05
JornadaMS,ARIS1,0.350927213,-2.566040343,0.142857143,0.581317857,0,0.021108263
JornadaMS,ARLO,NA,NA,0.046428571,0.770264286,0,0.009524572
JornadaMS,ARNE,1.203280859,-1.463323627,0.05,0.687607143,0,0.007841403
JornadaMS,ARPU,NA,NA,0.028571429,0.247725,0,0.000741756
JornadaMS,ARPU1,NA,NA,0.003571429,0.010139286,0,0.000201021
JornadaMS,ARWR,0.585356965,1.243635316,0.092857143,1.336928571,0,0.018833399
JornadaMS,ASNU,NA,NA,0.003571429,4.64E-05,0,1.49E-05
JornadaMS,ASTE,NA,NA,0.003571429,0.000114286,0,1.66E-06
JornadaMS,ASTE1,NA,NA,0.028571429,0.002617857,0,8.66E-05
JornadaMS,ASTR1,NA,NA,0.028571429,0.001128571,0,1.44E-05
JornadaMS,BAAB,NA,NA,0.007142857,0.006871429,0,5.40E-05
JornadaMS,BAMU,-0.181990817,10.15916692,0.282142857,2.7092,0,0.007648802
JornadaMS,CABA,0.454236778,1.398451763,0.325,0.960760714,0,0.085977054
JornadaMS,CAJA,0.00984514,-86.48788102,0.046428571,0.039985714,0,0.00325964
JornadaMS,CHIN,NA,NA,0.003571429,0.005485714,0,0.000307237
JornadaMS,COCO,NA,NA,0.003571429,0.001,0,1.71E-06
JornadaMS,CONI,NA,NA,0.007142857,0.001560714,0,3.40E-05
JornadaMS,CRAN,NA,NA,0.032142857,0.001382143,0,1.95E-05
JornadaMS,CRCR,NA,NA,0.060714286,0.311957143,0,0.005180596
JornadaMS,CRMI,0.07478105,-54.38508946,0.135714286,0.301417857,0,0.002988137
JornadaMS,CRPO,NA,NA,0.007142857,0.000257143,0,0.002116774
JornadaMS,CRYP1,NA,NA,0.039285714,0.037378571,0,0.000341964
JornadaMS,DAPU,0.483762804,0.664193704,0.360714286,2.878739286,0,0.08578318
JornadaMS,DEPI,1.038365505,-1.760930506,0.371428571,12.09701786,0,0.154514526
JornadaMS,DIWI,1.178092311,-4.054337391,0.25,92.36243571,0,0.066611694
JornadaMS,ERAB,0.003966487,-688.5642845,0.142857143,0.036378571,0,0.00062411
JornadaMS,ERAN,NA,NA,0.021428571,0.001810714,0,8.34E-05
JornadaMS,ERDV,NA,NA,0.003571429,0.000117857,0,7.36E-07
JornadaMS,ERIO1,NA,NA,0.010714286,4.64E-05,0,1.39E-05
JornadaMS,ERPU,0.514755036,-0.350154232,0.264285714,5.30965,0,0.096531212
JornadaMS,ERRO,0.979733569,-0.762384849,0.189285714,0.391267857,0,0.009723495
JornadaMS,EUAL,0.055052838,-3.78656416,0.417857143,1.390235714,0,0.035492608
JornadaMS,FABA1,NA,NA,0.003571429,1.07E-05,0,2.02E-06
JornadaMS,HAGR,NA,NA,0.007142857,0.000535714,0,2.29E-05
JornadaMS,HEHU,NA,NA,0.003571429,0.001475,0,9.79E-07
JornadaMS,HOGL,0.073221112,-20.0213711,0.032142857,0.028592857,0,0.001762634
JornadaMS,LEGO,NA,NA,0.003571429,3.57E-06,0,1.27E-06
JornadaMS,LESQ1,NA,NA,0.003571429,1.07E-05,0,3.42E-07
JornadaMS,LIVE,0.171024788,-7.469414413,0.185714286,0.31375,0,0.012103995
JornadaMS,MACH1,NA,NA,0.003571429,1.79E-05,0,7.19E-07
JornadaMS,MALI,NA,NA,0.003571429,0.015975,0,4.75E-06
JornadaMS,MAPI,NA,NA,0.007142857,0.000289286,0,2.55E-05
JornadaMS,MEPU,NA,NA,0.003571429,0.000621429,0,3.81E-06
JornadaMS,MSDL1,NA,NA,0.025,8.93E-05,0,3.25E-06
JornadaMS,MUPO,0.854259672,-0.447254962,0.289285714,27.15127143,0,0.193742916
JornadaMS,NAHI,0.08170412,-55.34875419,0.153571429,3.453135714,0,0.003920521
JornadaMS,PECT1,NA,NA,0.014285714,0.000767857,0,2.16E-07
JornadaMS,PEPA,NA,NA,0.021428571,0.001885714,0,1.36E-05
JornadaMS,PHAC1,NA,NA,0.017857143,0.022371429,0,4.70E-05
JornadaMS,PHIN,NA,NA,0.021428571,1.014825,0,0.001209993
JornadaMS,POOL,NA,NA,0.042857143,0.019425,0,0.000665946
JornadaMS,PORT1,NA,NA,0.003571429,1.43E-05,0,5.76E-09
JornadaMS,PSTA,NA,NA,0.053571429,0.011260714,0,8.66E-05
JornadaMS,SAKA,0.118323361,-7.021064936,0.328571429,0.449996429,0,0.009780595
JornadaMS,SCAR,NA,NA,0.007142857,0.001607143,0,7.38E-07
JornadaMS,SELE,0.146706214,18.57275836,0.092857143,1.748610714,0,0.013875117
JornadaMS,SOEL,0.085384789,-16.9401317,0.039285714,0.094892857,0,0.00204571
JornadaMS,SPIN,NA,NA,0.003571429,0.000125,0,6.11E-05
JornadaMS,SPOR1,10.38347558,0.187186667,0.310714286,12.47614286,0,0.040266875
JornadaMS,SPSU,0.452933256,2.523690502,0.117857143,0.101517857,0,0.030666615
JornadaMS,SPVEG,0.143669044,-2.086860192,0.242857143,1.396067857,0,0.027792643
JornadaMS,TECO,0.003024273,-22.04061182,0.042857143,0.037564286,0,0.002555261
JornadaMS,TILA,NA,NA,0.067857143,0.00745,0,0.001969583
JornadaMS,UKFO1,NA,NA,0.035714286,0.007203571,0,0.000172753
JornadaMS,UKFO8,NA,NA,0.007142857,0.000375,0,1.86E-07
JornadaMS,UKGR1,NA,NA,0.003571429,0.000375,0,1.13E-05
JornadaMS,UKGR2,NA,NA,0.003571429,0.000564286,0,1.84E-06
JornadaMS,UKGS1,NA,NA,0.007142857,0.000139286,0,4.33E-07
JornadaMS,XASA,0.050726001,-67.98065157,0.021428571,0.082164286,0,0.004714288
JornadaMS,XASP1,0.082923066,1.538554635,0.071428571,1.614882143,0,0.034451587
JornadaMW,APRA,NA,NA,0.008583691,8.58E-05,0,2.10E-06
JornadaMW,ARGL,NA,NA,0.012875536,0.00532618,0,0.000740855
JornadaMW,ARHA,NA,NA,0.004291845,0.033064378,0,0.000620731
JornadaMW,ARIS1,0.175113817,-4.850779419,0.068669528,0.006562232,0,0.010368506
JornadaMW,ARLO,NA,NA,0.004291845,5.15E-05,0,1.77E-06
JornadaMW,ARNE,NA,NA,0.017167382,0.008618026,0,0.003074882
JornadaMW,ARWR,-0.099390175,-0.796685775,0.120171674,0.241021459,0,0.039837095
JornadaMW,ASAL,NA,NA,0.004291845,1.29E-05,0,1.67E-07
JornadaMW,ASNU,NA,NA,0.034334764,0.00116309,0,2.79E-05
JornadaMW,ASTE1,NA,NA,0.017167382,0.001004292,0,8.81E-06
JornadaMW,ASTR1,NA,NA,0.025751073,0.000742489,0,9.78E-05
JornadaMW,BAAB,NA,NA,0.004291845,4.29E-06,0,5.90E-06
JornadaMW,BAMU,0.000490842,-23111.65261,0.150214592,0.047922747,0,0.000616185
JornadaMW,CHCO,NA,NA,0.004291845,0.000180258,0,5.28E-06
JornadaMW,CHIN,NA,NA,0.004291845,5.58E-05,0,1.92E-06
JornadaMW,CRAN,NA,NA,0.004291845,0.000519313,0,2.11E-05
JornadaMW,CRCR,NA,NA,0.021459227,0.47183691,0,0.010758951
JornadaMW,CRMI,0.007488178,-195.9522207,0.180257511,0.012107296,0,0.0009813
JornadaMW,CRYP1,-0.29039614,3.411186443,0.278969957,0.086197425,0,0.005048253
JornadaMW,DAPU,0.300410705,-1.2316809,0.231759657,0.03504721,0,0.05014429
JornadaMW,DEPI,0.889506075,-3.017646927,0.630901288,4.707583691,0.019,0.241192656
JornadaMW,DIWI,1.789481334,-1.664277381,0.30472103,10.52117167,0,0.094220541
JornadaMW,ERAB,0.030598386,62.1863219,0.077253219,0.001480687,0,0.000342719
JornadaMW,ERAN,NA,NA,0.008583691,7.73E-05,0,2.61E-06
JornadaMW,ERIO1,NA,NA,0.051502146,0.001145923,0,0.000307172
JornadaMW,ERPU,-2.233828827,-0.043657348,0.270386266,0.322656652,0,0.079117204
JornadaMW,ERRO,0.04258038,-47.66270641,0.124463519,0.013390558,0,0.002699507
JornadaMW,ERTR,NA,NA,0,0,0,0
JornadaMW,EUAL,NA,NA,0.0472103,0.003180258,0,0.000422136
JornadaMW,GSDL1,NA,NA,0.012875536,0.00016309,0,4.10E-06
JornadaMW,HYOD,NA,NA,0.004291845,0.000858369,0,0.000161289
JornadaMW,LESQ1,NA,NA,0.008583691,1.29E-05,0,4.23E-07
JornadaMW,LIBI,NA,NA,0.004291845,4.29E-06,0,2.62E-05
JornadaMW,LIVE,NA,NA,0.034334764,0.002351931,0,3.91E-05
JornadaMW,MAFE,NA,NA,0.012875536,0.002098712,0,0.000213382
JornadaMW,MALI,NA,NA,0.004291845,0.000969957,0,2.70E-06
JornadaMW,MEPU,NA,NA,0.004291845,0.000497854,0,1.01E-05
JornadaMW,MSDL1,-0.000117115,8783.628745,0.115879828,0.002699571,0,0.000823929
JornadaMW,MUPO,0.909374551,2.60250885,0.343347639,23.82467382,0,0.306724934
JornadaMW,NAHI,0.005315445,-951.3668481,0.145922747,0.071484979,0,0.001385965
JornadaMW,PECT1,NA,NA,0.004291845,4.72E-05,0,7.64E-06
JornadaMW,PHAC1,NA,NA,0.0472103,0.180257511,0,0.000915076
JornadaMW,PLPA,NA,NA,0.008583691,0.014806867,0,0.000100819
JornadaMW,PSDL1,NA,NA,0.004291845,1.29E-05,0,3.95E-06
JornadaMW,PSTA,NA,NA,0.094420601,0.000995708,0,0.000576804
JornadaMW,SAKA,0.064483517,2.836155204,0.231759657,0.039866953,0,0.013305655
JornadaMW,SCAR,NA,NA,0.021459227,0.004077253,0,0.000113403
JornadaMW,SELE,-15.42916484,0.123295591,0.051502146,0.274266094,0,0.01442507
JornadaMW,SPOR1,NA,NA,0.017167382,0.000596567,0,0.003321483
JornadaMW,SPSU,0.373473124,4.813142634,0.060085837,0.005639485,0,0.014610934
JornadaMW,SPVEG,0.023392872,-0.684329991,0.25751073,0.137579399,0,0.056794596
JornadaMW,STEX,NA,NA,0.004291845,6.01E-05,0,1.81E-07
JornadaMW,TILA,NA,NA,0.004291845,4.29E-06,0,3.45E-08
JornadaMW,UKFO1,NA,NA,0.008583691,1.29E-05,0,1.99E-07
JornadaMW,UKFO5,NA,NA,0.042918455,0.004309013,0,1.73E-05
JornadaMW,UKGR1,NA,NA,0.004291845,0.001695279,0,1.62E-05
JornadaMW,UKGS1,NA,NA,0.008583691,0.000579399,0,1.51E-05
JornadaMW,XANT1,NA,NA,0.012875536,0.085742489,0,0.012963061
JornadaMW,XASA,NA,NA,0.030042918,0.000678112,0,9.96E-05
JornadaMW,XASP,NA,NA,0.004291845,2.15E-05,0,4.03E-06
JornadaMW,XASP1,0.495865494,-1.695498584,0.060085837,0.169223176,0,0.032648299
JornadaPS,AMAR1,NA,NA,0.023972603,0.027687285,0,0.003446912
JornadaPS,AMBL,NA,NA,0.020547945,0.056945017,0,0.003471107
JornadaPS,AMPA,NA,NA,0.020547945,0.010632302,0,0.003433845
JornadaPS,AMPU,NA,NA,0.01369863,0.016037801,0,0.00343664
JornadaPS,APRA,0.000674601,3935.20009,0.082191781,2.722250859,0,0.00511036
JornadaPS,ASCL1,NA,NA,0.003424658,5.50E-05,0,0.003424683
JornadaPS,ASNU,NA,NA,0.010273973,0.01266323,0,0.003492665
JornadaPS,ASSU,0.107358177,3.236021698,0.318493151,1.621353952,0,0.012059571
JornadaPS,ASTE1,NA,NA,0.006849315,6.53E-05,0,0.003428109
JornadaPS,ASTR1,NA,NA,0.003424658,0.004553265,0,0.00344497
JornadaPS,BAMU,NA,NA,0.010273973,0.000587629,0,0.003425164
JornadaPS,BAPE,NA,NA,0.003424658,0.000206186,0,0.003424886
JornadaPS,CAWR,NA,NA,0.010273973,0.004814433,0,0.003433974
JornadaPS,CHIN,-0.049940249,-32.18890446,0.133561644,0.099752577,0,0.004026943
JornadaPS,CIOC,0.052921558,-18.76298124,0.082191781,1.045594502,0,0.008263211
JornadaPS,COCA,NA,NA,0.023972603,0.084969072,0,0.003463535
JornadaPS,COCO,NA,NA,0.188356164,5.670800687,0,0.006204564
JornadaPS,CRAN,NA,NA,0.003424658,8.25E-05,0,0.003425651
JornadaPS,CRCR,NA,NA,0.030821918,0.041402062,0,0.003562057
JornadaPS,CYES,NA,NA,0.01369863,0.001872852,0,0.003430862
JornadaPS,DECO,0.14653883,2.791006629,0.051369863,0.040395189,0,0.007485835
JornadaPS,DEPI,0.023753046,-94.21274589,0.345890411,9.382298969,0,0.035624388
JornadaPS,DIWI,NA,NA,0.003424658,0.003969072,0,0.003430366
JornadaPS,ERAB,NA,NA,0.006849315,2.75E-05,0,0.003424804
JornadaPS,ERAG1,NA,NA,0.003424658,0.00233677,0,0.003428207
JornadaPS,ERBE,0.001709865,-1527.347654,0.071917808,1.507993127,0,0.004143488
JornadaPS,ERDV,NA,NA,0.051369863,0.437426117,0,0.003760556
JornadaPS,ERIG1,NA,NA,0.01369863,0.003405498,0,0.003436744
JornadaPS,EUAL,0.003265266,-1026.562815,0.01369863,0.031573883,0,0.003476569
JornadaPS,EUGL,NA,NA,0.020547945,0.005037801,0,0.003443122
JornadaPS,EUMI,NA,NA,0.006849315,0.002329897,0,0.003427558
JornadaPS,EUSE,NA,NA,0.017123288,0.008436426,0,0.003450963
JornadaPS,EUSR,NA,NA,0.023972603,0.003814433,0,0.003435606
JornadaPS,EUST,NA,NA,0.006849315,0.005975945,0,0.003450912
JornadaPS,GAPA,NA,NA,0.037671233,0.387505155,0,0.003556241
JornadaPS,GRSQ,0.118676478,4.4543286,0.23630137,7.973127148,0,0.027928845
JornadaPS,HAGR,NA,NA,0.006849315,0.000690722,0,0.003425225
JornadaPS,HEAN,NA,NA,0.006849315,0.225872852,0,0.005058559
JornadaPS,HECI,0.302523114,5.103039817,0.304794521,29.09512715,0,0.075509547
JornadaPS,HIMU,0.40388932,-7.170094267,0.102739726,13.51906873,0,0.048541051
JornadaPS,HODR,0.000499521,-3445.888406,0.04109589,0.009934708,0,0.003446169
JornadaPS,HOGL,0.096573593,3.274162235,0.599315068,4.051123711,0.08,0.034667965
JornadaPS,HYOD,0.143341603,-15.53880048,0.445205479,89.47925773,0,0.074042398
JornadaPS,IPLO,NA,NA,0.006849315,0.000116838,0,0.003425232
JornadaPS,IPPU,NA,NA,0.003424658,0.002666667,0,0.003428648
JornadaPS,KAHI,NA,NA,0.003424658,0.000824742,0,0.00342853
JornadaPS,LEFE,NA,NA,0.003424658,0.000924399,0,0.003429819
JornadaPS,LEGO,NA,NA,0.017123288,0.003910653,0,0.003439725
JornadaPS,LEVS,NA,NA,0.010273973,0.004969072,0,0.003443124
JornadaPS,MAFE,NA,NA,0.034246575,0.014539519,0,0.003505263
JornadaPS,NAHI,NA,NA,0.003424658,0.000147766,0,0.003424759
JornadaPS,PAOB,0.414612871,-1.097087563,0.606164384,186.9324742,6.632,0.345468376
JornadaPS,PAOBS,NA,NA,0.020547945,0.068594502,0,0.003521133
JornadaPS,PEPA,NA,NA,0.003424658,4.81E-05,0,0.003424711
JornadaPS,PHAC1,NA,NA,0.003424658,0.004515464,0,0.003444802
JornadaPS,PHCO,NA,NA,0.01369863,0.005278351,0,0.003477988
JornadaPS,PHIN,NA,NA,0.003424658,0.000257732,0,0.003424788
JornadaPS,PLMU,0.614990633,-6.505573184,0.174657534,30.37527491,0,0.091269919
JornadaPS,PLPA,NA,NA,0.003424658,0.0014811,0,0.003426874
JornadaPS,POOL,NA,NA,0.02739726,0.059402062,0,0.003532046
JornadaPS,PROB1,NA,NA,0.003424658,7.22E-05,0,0.003425167
JornadaPS,PSDL1,NA,NA,0.044520548,0.00175945,0,0.003441099
JornadaPS,PSTA,NA,NA,0.003424658,0.001010309,0,0.003425109
JornadaPS,SAKA,NA,NA,0.023972603,0.004721649,0,0.00346978
JornadaPS,SILE,-0.070205307,-2.172233561,0.592465753,12.69046392,0.099,0.040924736
JornadaPS,SOEL,-0.050067407,3.155949545,0.301369863,0.347003436,0,0.008800484
JornadaPS,SONU,0.375730763,1.413746282,0.23630137,13.03019588,0,0.0506627
JornadaPS,SOOL,NA,NA,0.017123288,0.038996564,0,0.003523262
JornadaPS,SPAI,0.536605168,4.708841837,0.321917808,25.96945017,0,0.170062885
JornadaPS,SPSA,7.315810016,0.107477193,0.095890411,1.288364261,0,0.009010861
JornadaPS,SPSU,NA,NA,0.010273973,0.000594502,0,0.003444887
JornadaPS,TAAN,NA,NA,0.006849315,9.62E-05,0,0.003440849
JornadaPS,TALI1,0.000178601,-859.8225062,0.030821918,0.00556701,0,0.003452744
JornadaPS,TECO,NA,NA,0.006849315,0.000103093,0,0.003424803
JornadaPS,TILA,NA,NA,0.017123288,0.00485567,0,0.003428604
JornadaPS,UKFO1,NA,NA,0.037671233,0.010512027,0,0.003454967
JornadaPS,UKFO2,NA,NA,0.003424658,0.000601375,0,0.003425052
JornadaPS,UKFO4,NA,NA,0.003424658,1.03E-05,0,0.003424767
JornadaPS,UKFO5,NA,NA,0.003424658,0.006408935,0,0.003431744
JornadaPS,VEBR,NA,NA,0.003424658,0.007604811,0,0.003428363
JornadaPS,VEEN,0.029168992,126.4069685,0.065068493,0.290213058,0,0.005128298
JornadaPS,VERB1,NA,NA,0.003424658,6.87E-05,0,0.003424699
JornadaPS,VEWR,NA,NA,0.006849315,0.000223368,0,0.003424781
JornadaPS,VUOC,NA,NA,0.006849315,0.119034364,0,0.003645372
JornadaPW,APRA,-0.235620138,9.793910046,0.110132159,0.150105991,0,0.048159673
JornadaPW,ASNU,NA,NA,0.030837004,0.002230415,0,0.044452613
JornadaPW,ASTE,NA,NA,0.008810573,0.000138249,0,0.044061809
JornadaPW,ASTR1,NA,NA,0.004405286,1.38E-05,0,0.044054268
JornadaPW,BAMU,NA,NA,0.008810573,9.22E-06,0,0.044056
JornadaPW,CHIN,NA,NA,0.026431718,0.00256682,0,0.04501021
JornadaPW,CIOC,NA,NA,0.030837004,0.037986175,0,0.049979962
JornadaPW,COCA,NA,NA,0.013215859,0.001207373,0,0.044103485
JornadaPW,COCO,0.016006782,-8.640623935,0.154185022,0.045119816,0,0.056410109
JornadaPW,CRCR,NA,NA,0.008810573,0.006940092,0,0.044320862
JornadaPW,CRMI,NA,NA,0.004405286,9.22E-06,0,0.0440538
JornadaPW,CRYP1,0.0560035,19.42063358,0.074889868,0.003451613,0,0.04651383
JornadaPW,DEPI,0.849905625,-2.913667416,0.665198238,2.591290323,0.043,0.35476415
JornadaPW,DIWI,NA,NA,0.008810573,0.000470046,0,0.047123178
JornadaPW,ERAB,NA,NA,0.013215859,8.29E-05,0,0.044054403
JornadaPW,ERBE,NA,NA,0.022026432,0.000714286,0,0.044144321
JornadaPW,GAPA,NA,NA,0.013215859,0.000691244,0,0.044072375
JornadaPW,GRSQ,0.059656154,0.765580448,0.202643172,0.108488479,0,0.135033882
JornadaPW,GSDL1,NA,NA,0.022026432,0.000419355,0,0.05190716
JornadaPW,HECI,0.699638257,0.948201611,0.13215859,0.058129032,0,0.057759283
JornadaPW,HIMU,0.646109476,-9.139908368,0.110132159,7.76935023,0,0.117673347
JornadaPW,HODR,NA,NA,0.004405286,4.61E-06,0,0.04405304
JornadaPW,HOGL,NA,NA,0.026431718,0.001096774,0,0.056370002
JornadaPW,HYOD,0.527097222,-4.27737387,0.440528634,5.873138249,0,0.243018429
JornadaPW,LEGO,NA,NA,0.052863436,0.000612903,0,0.044105979
JornadaPW,LESQ1,NA,NA,0.008810573,0.000990783,0,0.044076282
JornadaPW,LEVI,NA,NA,0.013215859,7.83E-05,0,0.044080736
JornadaPW,MAFE,0.029411765,89.70810638,0.083700441,0.058493088,0,0.046903167
JornadaPW,NAHI,NA,NA,0.013215859,6.91E-05,0,0.044053887
JornadaPW,OENO1,NA,NA,0.004405286,5.07E-05,0,0.044059442
JornadaPW,OEPR,NA,NA,0.008810573,0.000571429,0,0.044062743
JornadaPW,PAOB,NA,NA,0.008810573,0.071013825,0,0.048460864
JornadaPW,PHAC1,NA,NA,0.017621145,0.006497696,0,0.044705076
JornadaPW,PHCO,NA,NA,0.017621145,0.004138249,0,0.044416202
JornadaPW,PLMU,0.204905359,-9.66210112,0.118942731,1.079792627,0,0.089506436
JornadaPW,PLPA,NA,NA,0.013215859,0.009935484,0,0.04419784
JornadaPW,PSDL1,0.105574005,-6.691269608,0.281938326,0.01243318,0,0.053371371
JornadaPW,SCAR,NA,NA,0.013215859,0.012631336,0,0.044326216
JornadaPW,SIIR,NA,NA,0.004405286,0.000221198,0,0.04405687
JornadaPW,SILE,0.343737024,1.421126196,0.0969163,0.000631336,0,0.054674659
JornadaPW,SOOL,NA,NA,0.026431718,0.007400922,0,0.048709765
JornadaPW,SPAI,0.573521062,1.555130943,0.303964758,3.479110599,0,0.167202164
JornadaPW,SPSA,NA,NA,0.004405286,9.22E-06,0,0.044054215
JornadaPW,STEX,NA,NA,0.004405286,1.38E-05,0,0.044064988
JornadaPW,TAAN,NA,NA,0.026431718,0.00043318,0,0.044079225
JornadaPW,UKFO.,NA,NA,0.004405286,0.000336406,0,0.044056686
JornadaPW,UKFO1,NA,NA,0.022026432,0.000456221,0,0.057493337
JornadaPW,UKFO2,NA,NA,0.039647577,0.006917051,0,0.044890679
JornadaPW,UKFO3,NA,NA,0.017621145,0.005004608,0,0.044173881
JornadaPW,UKFO4,NA,NA,0.008810573,0.000520737,0,0.044057143
JornadaPW,UKFO5,NA,NA,0.008810573,0.00018894,0,0.044053808
JornadaPW,UKFO8,NA,NA,0.004405286,2.76E-05,0,0.044053804
JornadaPW,VUOC,NA,NA,0.004405286,0.020612903,0,0.045651245
JornadaTS,ALIN,NA,NA,0.003401361,0.001962069,0,0.013608189
JornadaTS,ALLI1,NA,NA,0.003401361,4.48E-05,0,0.013605543
JornadaTS,AMCH,6.63E-06,-287.5493619,0.12244898,0.074396552,0,0.013866438
JornadaTS,APRA,NA,NA,0.034013605,0.827810345,0,0.015159538
JornadaTS,ARGL,NA,NA,0.006802721,0.555593103,0,0.015587593
JornadaTS,ARIS1,0.20605825,2.899932365,0.06462585,0.959131034,0,0.022732818
JornadaTS,ARLO,NA,NA,0.010204082,0.035941379,0,0.013954339
JornadaTS,ARNE,NA,NA,0.010204082,0.107437931,0,0.014634878
JornadaTS,ARPU,NA,NA,0.010204082,0.254717241,0,0.014105469
JornadaTS,ARWR,-7.624695331,0.142559227,0.023809524,1.821334483,0,0.019991696
JornadaTS,ASAL,NA,NA,0.027210884,1.251634483,0,0.015262702
JornadaTS,ASMO,NA,NA,0.044217687,0.311324138,0,0.015367138
JornadaTS,ASNU,0.112173999,31.17923837,0.098639456,0.223396552,0,0.014703062
JornadaTS,ASTE,NA,NA,0.023809524,0.06672069,0,0.013910022
JornadaTS,ASTR1,NA,NA,0.030612245,0.013648276,0,0.013669011
JornadaTS,ASWO,NA,NA,0.006802721,0.000103448,0,0.013607472
JornadaTS,BAAB,0.001407896,-647.8185788,0.085034014,0.053496552,0,0.01376866
JornadaTS,BAPE,NA,NA,0.003401361,0.001206897,0,0.013606702
JornadaTS,BOER,0.590343167,-0.676580882,0.146258503,5.793506897,0,0.047844329
JornadaTS,CAWR,NA,NA,0.010204082,0.006441379,0,0.013639019
JornadaTS,CHCO,NA,NA,0.027210884,0.015034483,0,0.013641509
JornadaTS,CHIN,NA,NA,0.030612245,0.000558621,0,0.013608856
JornadaTS,COCO,-0.057357398,82.37012572,0.071428571,2.29737931,0,0.017991838
JornadaTS,CRAN,NA,NA,0.006802721,0.003910345,0,0.013612673
JornadaTS,CRBA,NA,NA,0.006802721,0.010386207,0,0.013618311
JornadaTS,CRCR,NA,NA,0.013605442,0.023368966,0,0.013677566
JornadaTS,CRMI,NA,NA,0.003401361,0.00072069,0,0.013607044
JornadaTS,CRPO,6.96E-05,4387.733174,0.013605442,0.000944828,0,0.013607649
JornadaTS,CRYP1,NA,NA,0.006802721,0.000193103,0,0.013606714
JornadaTS,CRYP2,NA,NA,0.003401361,0.004789655,0,0.013627503
JornadaTS,DAPU,0.045903451,-14.54082864,0.054421769,0.173986207,0,0.01493282
JornadaTS,DEPI,0.008293235,89.25557566,0.197278912,1.574596552,0,0.020193441
JornadaTS,DYPE,NA,NA,0.003401361,0.000455172,0,0.013606095
JornadaTS,ERAB,0.000206199,-9828.809504,0.112244898,0.004275862,0,0.013671215
JornadaTS,ERBE,NA,NA,0.023809524,0.069534483,0,0.013708009
JornadaTS,ERDI,NA,NA,0.003401361,0.000289655,0,0.013605971
JornadaTS,ERDV,NA,NA,0.010204082,0.025458621,0,0.013859739
JornadaTS,ERPU,0.042750417,-41.19117586,0.068027211,0.403672414,0,0.015172367
JornadaTS,ERRO,0.086753985,-36.25117302,0.12244898,0.569858621,0,0.016497942
JornadaTS,ERTE,NA,NA,0.017006803,0.397410345,0,0.014655538
JornadaTS,ERTR,0.136053881,-13.8821377,0.19047619,3.566855172,0,0.028295272
JornadaTS,EUSE,NA,NA,0.010204082,0.000148276,0,0.013606243
JornadaTS,EUST,NA,NA,0.003401361,0.000168966,0,0.013607131
JornadaTS,EVNU,NA,NA,0.006802721,0.007931034,0,0.013628026
JornadaTS,HAGR,NA,NA,0.006802721,0.007296552,0,0.013630476
JornadaTS,HIMU,0.276530911,-1.514158391,0.132653061,5.965517241,0,0.0502163
JornadaTS,HODR,0.000190075,-35763.2811,0.054421769,0.01967931,0,0.013961469
JornadaTS,HOFF1,NA,NA,0.003401361,3.45E-06,0,0.013605541
JornadaTS,HOGL,0.01650615,-29.77008998,0.285714286,0.808072414,0,0.017989235
JornadaTS,HYVE,NA,NA,0.006802721,0.009634483,0,0.013768772
JornadaTS,LEER,NA,NA,0.003401361,0.003862069,0,0.013643164
JornadaTS,LEFE,-0.006798785,-58.27510879,0.074829932,0.546017241,0,0.015185715
JornadaTS,LEGO,0.006590294,-486.926654,0.105442177,0.237913793,0,0.014252871
JornadaTS,LELA,0.018989662,-180.170734,0.156462585,11.7336069,0,0.034483714
JornadaTS,LESQ1,NA,NA,0.034013605,0.0072,0,0.013634605
JornadaTS,LEVI,NA,NA,0.020408163,0.05572069,0,0.013934553
JornadaTS,LUCO,NA,NA,0.003401361,0.625327586,0,0.015359321
JornadaTS,MAFE,NA,NA,0.027210884,0.006734483,0,0.01366395
JornadaTS,MAPI,NA,NA,0.006802721,0.002013793,0,0.013611756
JornadaTS,MATA,NA,NA,0.003401361,0.02222069,0,0.013652102
JornadaTS,MELE,NA,NA,0.003401361,0.002362069,0,0.013612465
JornadaTS,MENT1,NA,NA,0.003401361,6.55E-05,0,0.013605709
JornadaTS,MUAR,0.018010707,-4.00371042,0.646258503,1.836062069,0.217,0.027207957
JornadaTS,MUPO,0.81287499,-0.195307939,0.761904762,47.588,23.386,0.405171865
JornadaTS,NAHI,NA,NA,0.017006803,0.006817241,0,0.013619189
JornadaTS,OENO1,NA,NA,0.003401361,0.000675862,0,0.013608555
JornadaTS,PAHA,0.324745618,-1.188960687,0.030612245,0.185051724,0,0.016750615
JornadaTS,PAHI,NA,NA,0.003401361,0.001148276,0,0.013607728
JornadaTS,PENA,0.018764475,-54.44800451,0.707482993,1.862572414,0.4715,0.026104329
JornadaTS,PHAC1,NA,NA,0.074829932,1.326324138,0,0.015635713
JornadaTS,PHCO,NA,NA,0.030612245,0.064193103,0,0.013891852
JornadaTS,PHIN,NA,NA,0.034013605,0.148058621,0,0.01418103
JornadaTS,PHPO,0.323849146,-14.06731446,0.030612245,2.445462069,0,0.020367131
JornadaTS,PLMU,0.238048005,-4.142894468,0.268707483,7.304668966,0,0.068932435
JornadaTS,PLPA,NA,NA,0.003401361,0.002975862,0,0.013656158
JornadaTS,RANE,NA,NA,0.003401361,0.021517241,0,0.013653259
JornadaTS,SAKA,NA,NA,0.047619048,0.045448276,0,0.013838116
JornadaTS,SCBR,0.281576048,-1.107231021,0.911564626,28.85494828,18.8255,0.313396393
JornadaTS,SELO,NA,NA,0.006802721,0.007865517,0,0.013677226
JornadaTS,SIPH,-0.000616681,-236.54535,0.06462585,0.025206897,0,0.013789135
JornadaTS,SOEL,0.014299749,-24.12013646,0.170068027,0.49362069,0,0.015704429
JornadaTS,SPAI,0.026407665,-79.67281718,0.071428571,0.285306897,0,0.015322176
JornadaTS,SPAN,NA,NA,0.013605442,0.057096552,0,0.013677452
JornadaTS,SPOR1,0.000793319,-18973.62707,0.037414966,0.01337931,0,0.013654304
JornadaTS,SPSU,0.034913439,-24.43551415,0.551020408,3.716968966,0.0295,0.029946914
JornadaTS,SPVEG,0.010934908,-375.4560274,0.023809524,0.0387,0,0.013828783
JornadaTS,STAR,NA,NA,0.030612245,0.064913793,0,0.013785344
JornadaTS,STEX,NA,NA,0.003401361,0.005462069,0,0.0136306
JornadaTS,TAAN,0.000743653,-968.988666,0.210884354,0.02487931,0,0.017195061
JornadaTS,TAAU,NA,NA,0.003401361,0.011231034,0,0.013800317
JornadaTS,TALI1,0.029646484,1.421490543,0.24829932,0.087886207,0,0.019698046
JornadaTS,TECO,NA,NA,0.017006803,0.00147931,0,0.013612378
JornadaTS,TSDL1,NA,NA,0.013605442,0.000165517,0,0.013606688
JornadaTS,UKFO1,NA,NA,0.003401361,0.000162069,0,0.013605802
JornadaTS,UKFO5,NA,NA,0.003401361,0.00012069,0,0.013606194
JornadaTS,UKFO6,NA,NA,0.003401361,0.002896552,0,0.013608466
JornadaTS,VEWR,0.007486164,-1060.967993,0.081632653,5.002110345,0,0.022670703
JornadaTS,VUOC,NA,NA,0.003401361,0.000862069,0,0.013606655
JornadaTS,XASP,NA,NA,0.003401361,0.002151724,0,0.013608528
JornadaTW,APRA,NA,NA,0.058608059,0.057195572,0,0.009746218
JornadaTW,ARGL,NA,NA,0.003663004,0.00104059,0,0.007522482
JornadaTW,ARIS1,0.03402365,-46.43867413,0.04029304,0.025523985,0,0.008087347
JornadaTW,ARNE,NA,NA,0.007326007,0.002214022,0,0.007537372
JornadaTW,ARWR,0.174986563,-3.245578891,0.051282051,0.389199262,0,0.013079561
JornadaTW,ASAL,NA,NA,0.029304029,0.191476015,0,0.011725305
JornadaTW,ASMO,0.005604046,-881.3872588,0.047619048,0.088531365,0,0.010338637
JornadaTW,ASNU,0.069581661,-33.46840741,0.205128205,0.037483395,0,0.016321548
JornadaTW,ASTE,NA,NA,0.054945055,0.02801476,0,0.009471653
JornadaTW,ASTR1,NA,NA,0.073260073,0.002154982,0,0.007726044
JornadaTW,BAAB,NA,NA,0.003663004,3.69E-06,0,0.007518837
JornadaTW,BOER,0.449960564,-1.087482879,0.146520147,3.888191882,0,0.038666303
JornadaTW,CAWR,NA,NA,0.007326007,0.010335793,0,0.008375342
JornadaTW,CHIN,NA,NA,0.014652015,1.48E-05,0,0.00751975
JornadaTW,CHST,NA,NA,0.003663004,0.001476015,0,0.007834183
JornadaTW,COCO,NA,NA,0.043956044,0.180339483,0,0.01258003
JornadaTW,CRAN,NA,NA,0.003663004,7.38E-06,0,0.007519288
JornadaTW,CRPT,NA,NA,0.003663004,0.00802214,0,0.007723545
JornadaTW,CRYP1,0.002930476,-313.4718238,0.06959707,0.001284133,0,0.00758878
JornadaTW,DAPU,4.07E-05,-52876.65432,0.032967033,0.000295203,0,0.007522141
JornadaTW,DECO,NA,NA,0.003663004,0.000154982,0,0.007537572
JornadaTW,DEPI,0.417640747,-6.111875923,0.413919414,0.299686347,0,0.035648485
JornadaTW,DIWI,NA,NA,0.003663004,6.64E-05,0,0.007519168
JornadaTW,ERAB,NA,NA,0.054945055,0.000424354,0,0.008396239
JornadaTW,ERDI,NA,NA,0.003663004,3.69E-05,0,0.007520253
JornadaTW,ERIO1,NA,NA,0.007326007,3.32E-05,0,0.007525924
JornadaTW,ERPU,0.016568883,-47.5275396,0.051282051,0.008324723,0,0.007799181
JornadaTW,ERRO,NA,NA,0.036630037,0.000601476,0,0.007549075
JornadaTW,ERTE,NA,NA,0.021978022,0.083656827,0,0.009210561
JornadaTW,ERTR,0.001657158,-869.7766603,0.142857143,0.003428044,0,0.007600787
JornadaTW,GILI1,NA,NA,0.003663004,7.75E-05,0,0.00751957
JornadaTW,GSDL1,NA,NA,0.003663004,1.85E-05,0,0.007522739
JornadaTW,HAGR,NA,NA,0.010989011,0.000509225,0,0.007527312
JornadaTW,HIMU,0.601630527,-5.485190993,0.135531136,5.249922509,0,0.083654399
JornadaTW,HODR,NA,NA,0.010989011,0.000280443,0,0.00796126
JornadaTW,HOGL,NA,NA,0.058608059,0.004608856,0,0.008308167
JornadaTW,LEER,NA,NA,0.003663004,0.002066421,0,0.007560077
JornadaTW,LEFE,0.066972036,37.60551533,0.047619048,0.016900369,0,0.012242584
JornadaTW,LEGO,0.029933693,-9.630186805,0.135531136,0.115059041,0,0.008563972
JornadaTW,LELA,1.460236861,-0.611538166,0.19047619,0.930512915,0,0.0170154
JornadaTW,LEPI1,NA,NA,0.058608059,0.123372694,0,0.008792954
JornadaTW,LESQ1,NA,NA,0.051282051,0.002372694,0,0.007544408
JornadaTW,LEVI,NA,NA,0.062271062,0.042476015,0,0.007968098
JornadaTW,LIBI,NA,NA,0.003663004,2.21E-05,0,0.007519222
JornadaTW,MAFE,0.051667214,-77.90995338,0.043956044,0.019819188,0,0.008564211
JornadaTW,MAPI,NA,NA,0.007326007,0.000151292,0,0.007521785
JornadaTW,MELE,NA,NA,0.003663004,0.002324723,0,0.007571156
JornadaTW,MILI,NA,NA,0.003663004,0.01301476,0,0.008410125
JornadaTW,MUAR,-0.37023666,-0.638014422,0.421245421,0.125317343,0,0.015045086
JornadaTW,MUPO,0.880369287,-0.822401041,0.769230769,44.25867159,17.77,0.638809186
JornadaTW,NAHI,NA,NA,0.003663004,2.58E-05,0,0.007519001
JornadaTW,OEAL,NA,NA,0.010989011,0.001630996,0,0.007757487
JornadaTW,OEPR,NA,NA,0.014652015,0.000247232,0,0.007778169
JornadaTW,PAHA,0.192680755,-33.94290669,0.014652015,0.180808118,0,0.011274784
JornadaTW,PENA,1.290440114,-0.761021733,0.285714286,0.013889299,0,0.012187876
JornadaTW,PHAC1,0.535395937,-6.989712981,0.10989011,0.187180812,0,0.015187115
JornadaTW,PHCO,NA,NA,0.098901099,0.004324723,0,0.009650865
JornadaTW,PLMU,0.101623698,-2.578335079,0.135531136,1.136498155,0,0.053751753
JornadaTW,PLPA,NA,NA,0.003663004,0.036601476,0,0.007942613
JornadaTW,RANE,NA,NA,0.007326007,0.002,0,0.007623177
JornadaTW,SCAR,NA,NA,0.018315018,0.003394834,0,0.007694001
JornadaTW,SCBR,-2.477984689,-0.223770854,0.641025641,0.40000369,0.006,0.060714517
JornadaTW,SELO,NA,NA,0.003663004,0.004107011,0,0.007801533
JornadaTW,SIIR,NA,NA,0.003663004,0.000416974,0,0.007523625
JornadaTW,SILE,NA,NA,0.003663004,3.69E-06,0,0.00751888
JornadaTW,SOEL,NA,NA,0.003663004,3.69E-06,0,0.007518818
JornadaTW,SOOL,NA,NA,0.010989011,4.06E-05,0,0.007522887
JornadaTW,SPAI,0.076073115,-7.606746991,0.036630037,0.016549815,0,0.010785661
JornadaTW,SPIN,NA,NA,0.007326007,0.032870849,0,0.008311286
JornadaTW,SPOR1,NA,NA,0.010989011,0.001217712,0,0.007526467
JornadaTW,SPSU,0.188403896,-5.179748835,0.388278388,0.301365314,0,0.027350324
JornadaTW,SPVEG,NA,NA,0.007326007,0.001284133,0,0.007529217
JornadaTW,STAR,NA,NA,0.058608059,0.017387454,0,0.008201216
JornadaTW,STEX,NA,NA,0.007326007,7.38E-06,0,0.007527295
JornadaTW,TOAN,NA,NA,0.003663004,7.38E-06,0,0.007519079
JornadaTW,TSDL1,0.039770366,-21.96344235,0.271062271,0.048730627,0,0.015378139
JornadaTW,UKFO1,NA,NA,0.003663004,2.21E-05,0,0.007519284
JornadaTW,UKFO7,NA,NA,0.003663004,0.000538745,0,0.007527261
JornadaTW,UKFOa,NA,NA,0.003663004,0.00195203,0,0.007653179
JornadaTW,UKGR1,NA,NA,0.003663004,0.007763838,0,0.007716635
JornadaTW,VEWR,0.044289766,-142.6361085,0.095238095,0.221900369,0,0.017658289
KansasAnnuals,Anethum.graveolens,NA,NA,0.025641026,0.018887892,0,0.028336601
KansasAnnuals,Bromus.japonicus,NA,NA,0.051282051,1.60646827,0,0.044068789
KansasAnnuals,Chamaesaracha.spp,NA,NA,0.051282051,0.038387627,0,0.027039888
KansasAnnuals,Conyza.canadensis,1.079697628,-0.009679541,0.256410256,0.189106067,0,0.056042431
KansasAnnuals,Croton.monanthogynus,0.768441033,-0.121724564,0.282051282,0.206296613,0,0.088527586
KansasAnnuals,Croton.texensis,NA,NA,0.128205128,0.093864525,0,0.043196776
KansasAnnuals,Euphorbia.dentata,NA,NA,0.025641026,0.018089192,0,0.03811499
KansasAnnuals,Euphorbia.geyeri,NA,NA,0.076923077,0.059380545,0,0.03736434
KansasAnnuals,Euphorbia.marginata,NA,NA,0.051282051,0.054760161,0,0.030000747
KansasAnnuals,Euphorbia.spathulata,NA,NA,0.051282051,0.037698341,0,0.030443627
KansasAnnuals,Festuca.octoflora,NA,NA,0.025641026,0.202819684,0,0.036228319
KansasAnnuals,Hedeoma.hispida,NA,NA,0.102564103,0.081383393,0,0.03195109
KansasAnnuals,Helianthus.annuus,0.801214722,-0.034961998,0.41025641,0.312977724,0,0.095228558
KansasAnnuals,Helianthus.petiolaris,NA,NA,0.025641026,0.01926859,0,0.026541193
KansasAnnuals,Hordeum.pusillum,NA,NA,0.051282051,0.05479604,0,0.040851533
KansasAnnuals,Hymenopappus.corymbosus,1.063100525,-0.039608822,0.333333333,0.247397486,0,0.202659064
KansasAnnuals,Kochia.scoparia,0.978070665,-0.51357617,0.179487179,0.131227555,0,0.041731054
KansasAnnuals,Lactuca.ludoviciana,0.986559699,0.50600683,0.256410256,0.18891203,0,0.051453158
KansasAnnuals,Lactuca.serriola,NA,NA,0.025641026,0.019102242,0,0.028468923
KansasAnnuals,Leonurus.cardiaca,NA,NA,0.051282051,0.038236677,0,0.029374865
KansasAnnuals,Lepidium.campestre,NA,NA,0.051282051,0.038520318,0,0.029390307
KansasAnnuals,Lepidium.densiflorum,NA,NA,0.025641026,0.225185904,0,0.037395847
KansasAnnuals,Linum.rigidum,NA,NA,0.102564103,0.077196473,0,0.040162727
KansasAnnuals,Linum.sulcatum,NA,NA,0.076923077,0.055649213,0,0.031294673
KansasAnnuals,Panicum.capillare,NA,NA,0.179487179,2.487973015,0,0.153556895
KansasAnnuals,Plantago.patagonica,0.854644629,-2.676054946,0.205128205,0.232811728,0,0.062411432
KansasAnnuals,Plantago.rhodosperma,NA,NA,0.025641026,0.019276134,0,0.027798715
KansasAnnuals,Polygala.verticillata,NA,NA,0.153846154,0.112804285,0,0.040673675
KansasAnnuals,Salsola.iberica,NA,NA,0.205128205,0.22255171,0,0.091178715
KansasAnnuals,Senecio.plattensis,-0.607733397,-0.006420408,0.282051282,0.414715365,0,0.098459374
KansasAnnuals,Silene.antirrhina,NA,NA,0.076923077,0.055770963,0,0.03137518
KansasAnnuals,Solanum.rostratum,NA,NA,0.076923077,0.055124354,0,0.030770796
KansasAnnuals,Stenosiphon.linifolius,0.857184615,0.013083158,0.205128205,0.152693353,0,0.119214016
KansasAnnuals,Tragopogon.pratensis,NA,NA,0.179487179,0.183999398,0,0.044847962
KansasPerennials,Agropyron.smithii,0.33933621,-1.138665882,0.463414634,16.90478537,0,0.014601951
KansasPerennials,Allium.drummondii,NA,NA,0.073170732,0.157135135,0,0.000197502
KansasPerennials,Allium.spp_,NA,NA,0.048780488,0.076324539,0,0.000130568
KansasPerennials,Ambrosia.psilostachya,0.015117915,-2.178219053,0.951219512,1.321323281,0.7261696,0.002023401
KansasPerennials,Ambrosia.spp_,NA,NA,0.024390244,0.01767166,0,1.19E-05
KansasPerennials,Andropogon.gerardii,1.122940864,-0.147132664,1,125.8217344,52.01164005,0.085585344
KansasPerennials,Arenaria.stricta,0.08715794,-3.327764333,0.804878049,4.942347049,0.725124598,0.005434348
KansasPerennials,Aristida.longiseta,1.199338107,-0.105192599,0.780487805,45.88604911,40.89881433,0.041617872
KansasPerennials,Aristida.purpurea,79.10179317,0.001185401,0.43902439,30.72669244,0,0.029850242
KansasPerennials,Asclepias.pumila,0.011661064,6.060358473,0.195121951,0.138269059,0,0.000123561
KansasPerennials,Asclepias.viridiflora,NA,NA,0.024390244,0.018000466,0,6.66E-06
KansasPerennials,Asclepias.viridis,NA,NA,0.024390244,0.017427836,0,2.77E-05
KansasPerennials,Aster.ericoides,0.041585978,-4.448351833,0.902439024,1.479871386,0.719008267,0.001838295
KansasPerennials,Aster.fendleri,0.01943494,-7.094810967,0.56097561,0.498753724,0.702526525,0.000878802
KansasPerennials,Aster.oblongifolius,0.043653961,-27.49510457,0.43902439,1.066997807,0,0.001694849
KansasPerennials,Astragalus.mollissimus,NA,NA,0.024390244,0.017045385,0,1.16E-05
KansasPerennials,Bouteloua.curtipendula,0.787756382,-0.157815239,0.975609756,64.91881576,48.9248328,0.062878993
KansasPerennials,Bouteloua.gracilis,1.541213038,-0.354192574,0.951219512,114.9079815,68.47290792,0.102798535
KansasPerennials,Bouteloua.hirsuta,0.738913319,-0.441796465,0.951219512,40.0333422,37.68117751,0.048310536
KansasPerennials,Brickellia.eupatorioides,NA,NA,0.12195122,0.142857951,0,0.000458945
KansasPerennials,Buchloe.dactyloides,1.910131789,-0.073800605,0.975609756,264.8296775,83.81608697,0.178978261
KansasPerennials,Callirhoe.involucrata,0.016578543,-4.009462753,0.43902439,0.393249257,0,0.0004866
KansasPerennials,Calylophus.lavandulifolius,0.067486361,0.380356355,0.195121951,0.826696024,0,0.00162072
KansasPerennials,Calylophus.serrulatus,0.023252605,-4.981003102,0.829268293,0.792999068,0.715216458,0.001063069
KansasPerennials,Carex.gravida,0.325100383,-0.951732106,0.292682927,3.605997452,0,0.005103933
KansasPerennials,Carex.heliophila,NA,NA,0.048780488,0.076807245,0,0.000103312
KansasPerennials,Carex.praegracilis,0.202529977,6.860429616,0.097560976,0.279460957,0,0.000445765
KansasPerennials,Carex.spp_,0.133079974,-4.661177488,0.390243902,6.379705194,0,0.004071081
KansasPerennials,Castilleja.sessiliflora,NA,NA,0.024390244,0.018012787,0,2.50E-05
KansasPerennials,Chamaesyce.polygonifolia,NA,NA,0.024390244,0.017233969,0,8.76E-06
KansasPerennials,Chamaesyce.spp_,NA,NA,0.073170732,0.052696518,0,3.39E-05
KansasPerennials,Chamaesyce.stictospora,NA,NA,0.097560976,0.191429612,0,0.000248233
KansasPerennials,Chenopodium.album,0.006434743,-8.092631916,0.292682927,0.422320253,0,0.000449013
KansasPerennials,Chenopodium.leptophyllum,NA,NA,0.024390244,0.017753344,0,5.35E-06
KansasPerennials,Chloris.verticillata,NA,NA,0.097560976,9.747891815,0,0.004733527
KansasPerennials,Chloris.virgata,NA,NA,0.024390244,0.987049754,0,0.000365166
KansasPerennials,Cirsium.ochrocentrum,NA,NA,0.097560976,0.067789577,0,4.59E-05
KansasPerennials,Cirsium.undulatum,-0.005317545,-1.691718533,0.829268293,1.088626072,0.714055989,0.001307347
KansasPerennials,Comandra.umbellata,NA,NA,0.024390244,0.017933984,0,2.02E-05
KansasPerennials,Dalea.candida,0.020234118,21.59845335,0.146341463,0.119861325,0,0.000159925
KansasPerennials,Dalea.purpurea,0.014788329,-2.475624765,0.902439024,0.929170045,0.721079428,0.001506523
KansasPerennials,Echinacea.angustifolia,-0.022988246,0.849927196,0.829268293,0.806005153,0.721472551,0.001215493
KansasPerennials,Echinacea.pallida,0.169047943,-2.895693161,0.12195122,0.498692958,0,0.000817221
KansasPerennials,Elymus.canadensis,NA,NA,0.073170732,0.789925768,0,0.000321165
KansasPerennials,Erigeron.strigosus,0.008755854,2.143174505,0.243902439,0.175559726,0,0.000151925
KansasPerennials,Erysimum.asperum,-0.032423644,-3.589424138,0.170731707,0.246371872,0,0.000717013
KansasPerennials,Evolvulus.nuttallianus,0.016907139,-5.674878857,0.829268293,0.745174164,0.716563237,0.001040848
KansasPerennials,Gaura.coccinea,0.015087659,2.113310413,0.512195122,0.577140368,0.668168634,0.000935369
KansasPerennials,Grindelia.squarrosa,NA,NA,0.097560976,0.069576748,0,5.43E-05
KansasPerennials,Haplopappus.spinulosus,0.037177581,-0.109561949,0.317073171,0.224782396,0,0.000319966
KansasPerennials,Hedeoma.drummondii,0.024688923,4.125553298,0.097560976,0.069390272,0,0.000101984
KansasPerennials,Hedyotis.nigricans,0.020692088,-6.298835901,0.780487805,0.853064902,0.719193963,0.001055002
KansasPerennials,Helianthus.maximiliani,0.005717457,-23.46378749,0.341463415,0.268754113,0,0.000245139
KansasPerennials,Hybanthus.verticillatus,0.005565994,-5.602209377,0.268292683,0.192512415,0,0.000255156
KansasPerennials,Hymenoxys.scaposa,0.015822305,-2.157069138,0.829268293,1.592036336,0.719807193,0.002324269
KansasPerennials,Lesquerella.ovalifolia,0.040014128,-3.365597631,0.780487805,0.897820216,0.728435179,0.001199247
KansasPerennials,Leucelene.ericoides,0.035216271,-5.481639372,0.87804878,2.166729686,0.721702903,0.002252563
KansasPerennials,Liatris.punctata,0.017953238,-5.42947448,0.902439024,1.027157683,0.719236106,0.001604474
KansasPerennials,Lithospermum.incisum,0.005251008,-105.1473317,0.268292683,0.307113515,0,0.000575306
KansasPerennials,Lomatium.macrocarpum,NA,NA,0.048780488,3.333024583,0,0.001700505
KansasPerennials,Megapterium.fremontii,NA,NA,0.024390244,0.017822588,0,1.61E-05
KansasPerennials,Mentzelia.decapetala,0.031574279,-0.776881806,0.195121951,0.142631256,0,0.000263491
KansasPerennials,Mentzelia.oligosperma,NA,NA,0.024390244,0.018151645,0,9.25E-05
KansasPerennials,Mirabilis.linearis,0.00545181,8.961434368,0.243902439,0.192343192,0,0.000458314
KansasPerennials,Muhlenbergia.cuspidata,NA,NA,0.024390244,0.500112455,0,0.000340189
KansasPerennials,Oenothera.macrocarpa,NA,NA,0.048780488,0.073447574,0,3.49E-05
KansasPerennials,Onosmodium.molle,NA,NA,0.024390244,0.017221613,0,2.74E-05
KansasPerennials,Oxalis.spp_,NA,NA,0.024390244,0.017189281,0,1.07E-05
KansasPerennials,Oxalis.stricta,0.009239173,-1.213808329,0.317073171,0.230797212,0,0.000224533
KansasPerennials,Oxytropis.lambertii,NA,NA,0.024390244,0.01760244,0,1.60E-05
KansasPerennials,Panicum.virgatum,0.643021708,-0.966501008,0.853658537,30.95269859,15.80036381,0.027983424
KansasPerennials,Paronychia.jamesii,0.018728359,-5.525474626,0.902439024,1.099585996,0.726974235,0.001456614
KansasPerennials,Penstemon.albidus,NA,NA,0.097560976,0.088484994,0,0.000103848
KansasPerennials,Poa.arachnifera,NA,NA,0.024390244,0.017865606,0,5.38E-06
KansasPerennials,Polygala.alba,-0.088857791,1.155337115,0.317073171,0.276379936,0,0.000338936
KansasPerennials,Polygala.spp_,NA,NA,0.073170732,0.053384572,0,2.88E-05
KansasPerennials,Psoralea.cuspidata,NA,NA,0.024390244,0.018102297,0,1.49E-05
KansasPerennials,Psoralea.tenuiflora,0.033842255,-4.024811404,0.902439024,1.311152446,0.72246017,0.001778771
KansasPerennials,Ratibida.columnifera,0.008826609,0.472750011,0.731707317,0.533402882,0.715825231,0.000558814
KansasPerennials,Salvia.azurea,NA,NA,0.048780488,0.360927896,0,0.000425417
KansasPerennials,Schedonnardus.paniculatus,-10.1089764,0.0280839,0.487804878,36.74907232,0,0.030371189
KansasPerennials,Schizachyrium.scoparium,3.381742981,0.007994793,1,180.9170516,175.7371633,0.169260833
KansasPerennials,Schrankia.uncinata,0.01377647,-6.13013363,0.87804878,0.757386904,0.720653027,0.000988698
KansasPerennials,Scutellaria.resinosa,0.019056202,-2.457239056,0.804878049,1.432692013,0.722127265,0.001912264
KansasPerennials,Short.grass,8.885272179,-0.06981835,0.146341463,85.45483384,0,0.04260358
KansasPerennials,Sitanion.hystrix,4.730034247,0.051380269,0.414634146,14.80117462,0,0.018620887
KansasPerennials,Solidago.glaberrima,0.015376645,-15.01009597,0.585365854,0.460076405,0.698776454,0.000534493
KansasPerennials,Solidago.mollis,0.076306961,-0.074839897,0.829268293,1.105846385,0.720616411,0.001284077
KansasPerennials,Solidago.rigida,0.003858426,-0.76930889,0.341463415,0.242568056,0,0.000245079
KansasPerennials,Solidago.spp_,NA,NA,0.048780488,0.073308462,0,4.98E-05
KansasPerennials,Sorghastrum.nutans,NA,NA,0.073170732,0.457979282,0,0.000566592
KansasPerennials,Sphaeralcea.coccinea,0.016380211,-6.197379205,0.926829268,0.921830425,0.72090415,0.001256089
KansasPerennials,Sporobolus.asper,1.210259813,-0.115029555,0.853658537,33.13747748,36.22149552,0.046140339
KansasPerennials,Sporobolus.cryptandrus,0.41519835,-0.567715319,0.951219512,23.82927286,20.2772102,0.031471405
KansasPerennials,Sporobolus.neglectus,NA,NA,0.024390244,1.394113843,0,0.000858116
KansasPerennials,Thelesperma.megapotamicum,0.024054015,-5.120336702,0.853658537,0.953392283,0.721339047,0.001393929
KansasPerennials,Townsendia.exscapa,0.010116809,9.537220844,0.195121951,0.333908532,0,0.000489199
KansasPerennials,Tragia.ramosa,0.019689505,-5.618098302,0.902439024,0.809584322,0.724651086,0.0010971
KansasPerennials,Tridens.flavus,NA,NA,0.024390244,0.557360998,0,0.000347463
KansasPerennials,Verbena.bipinnatifida,NA,NA,0.048780488,0.035055381,0,0.000135247
KansasPerennials,Verbena.bracteata,NA,NA,0.024390244,0.017612854,0,1.68E-05
KansasPerennials,Vicia.americana,NA,NA,0.024390244,0.017446566,0,2.77E-05
PortalSummer.txt,Amar.palm,0.010232564,-64.46758986,0.5,132.4193548,1,0.035938267
PortalSummer.txt,Ambr.arte,0.003817127,-411.8658262,0.375,3.935483871,0,0.032030339
PortalSummer.txt,Aris.adsc,0.071764252,-20.64693976,0.78125,2956.645161,83,0.113374647
PortalSummer.txt,Astr.nutt,NA,NA,0.03125,16.38709677,0,0.032185199
PortalSummer.txt,Astr.spp_,NA,NA,0.03125,0.064516129,0,0.031254528
PortalSummer.txt,Atri.eleg,NA,NA,0.03125,0.258064516,0,0.031267393
PortalSummer.txt,Atri.wrig,NA,NA,0.03125,0.064516129,0,0.031268296
PortalSummer.txt,Bahi.bite,0.002060716,2551.54872,0.15625,2.258064516,0,0.031433861
PortalSummer.txt,Bail.mult,0.018152224,-8.502192319,0.71875,81.80645161,4,0.047093914
PortalSummer.txt,Boer.cout,NA,NA,0.0625,2.967741935,0,0.031993901
PortalSummer.txt,Boer.inte,0.036270584,-6.014399285,0.5625,414.8064516,67,0.064831376
PortalSummer.txt,Boer.spic,0.067829347,-10.97108681,0.3125,137.4193548,0,0.045614206
PortalSummer.txt,Boer.spp_,0.024387171,-73.47839093,0.1875,19.77419355,0,0.035257291
PortalSummer.txt,Boer.torr,0.027956576,-16.31785028,0.53125,97.5483871,5,0.043748694
PortalSummer.txt,Bout.aris,0.267129061,-5.955284163,0.9375,7657.870968,718,0.258394051
PortalSummer.txt,Bout.barb,0.097376417,-5.287656897,0.5625,737.4516129,3,0.093073503
PortalSummer.txt,Bout.spp_,-0.764658932,-2.342236024,0.15625,663.9677419,0,0.061310892
PortalSummer.txt,Cass.lept,0.002421182,-399.4078949,0.375,8,0,0.031783476
PortalSummer.txt,Chen.frem,0.014697725,83.42638541,0.40625,13.67741935,0,0.033412001
PortalSummer.txt,Chlo.virg,0.001601536,-844.3417013,0.1875,1.483870968,0,0.031321099
PortalSummer.txt,Crot.pumi,0.010187308,-37.83670678,0.53125,74.51612903,4,0.03861601
PortalSummer.txt,Cusc.spp_,0.008192638,-463.9050763,0.15625,1.935483871,0,0.031730883
PortalSummer.txt,Dale.brac,0.03790037,-28.10697808,0.5625,190.6129032,14,0.055715268
PortalSummer.txt,Dith.wisl,0.000343094,44693.80657,0.125,1.129032258,0,0.031637902
PortalSummer.txt,Erag.arid,0.000828007,-6583.890743,0.15625,18.4516129,0,0.031702628
PortalSummer.txt,Erag.cili,0.001642819,-1490.518661,0.15625,2.193548387,0,0.031369148
PortalSummer.txt,Erig.dive,NA,NA,0.125,1.032258065,0,0.031546327
PortalSummer.txt,Erio.aber,-0.058724934,-1.545564596,0.84375,612.6451613,174,0.155694636
PortalSummer.txt,Erio.lemm,0.001676311,-2501.073589,0.25,17.51612903,0,0.031605492
PortalSummer.txt,Erio.poly,NA,NA,0.0625,1.064516129,0,0.031318746
PortalSummer.txt,Erod.cicu,NA,NA,0.1875,235.0967742,0,0.048157184
PortalSummer.txt,Erod.texa,NA,NA,0.03125,0.096774194,0,0.031316254
PortalSummer.txt,Euph.exst,6.42E-05,-3064.175434,0.3125,2,0,0.031399482
PortalSummer.txt,Euph.fend,-0.019510751,11.50918777,0.28125,291.7419355,0,0.049156817
PortalSummer.txt,Euph.micr,0.002003754,-112.8690667,0.5,28.87096774,1,0.033985133
PortalSummer.txt,Euph.serp,-0.002859643,-27.08350198,0.59375,227.516129,3,0.04009031
PortalSummer.txt,Euph.serr,0.001766876,-227.3219846,0.59375,27.32258065,2,0.033043589
PortalSummer.txt,grass.unkn,NA,NA,0.03125,0.483870968,0,0.031581272
PortalSummer.txt,Hapl.grac,0.24814182,-8.134054458,0.375,376.0322581,0,0.077362991
PortalSummer.txt,Ipom.cost,0.002016988,-35.89222988,0.375,9.064516129,0,0.031988771
PortalSummer.txt,Kall.gran,0.002146754,-479.7860086,0.5,11.80645161,2,0.032135455
PortalSummer.txt,Kall.sp_2,NA,NA,0.0625,0.161290323,0,0.03125952
PortalSummer.txt,Mach.tanr,-0.000307874,-227.35568,0.28125,3.483870968,0,0.031899909
PortalSummer.txt,Moll.cerv,0.072142746,-15.06626749,0.71875,368.5483871,57,0.079173245
PortalSummer.txt,Moll.spp_,NA,NA,0.03125,0.161290323,0,0.031295741
PortalSummer.txt,Moll.vert,-0.069504889,-2.504530347,0.59375,461.1290323,2,0.075166138
PortalSummer.txt,Pani.ariz,0.017381865,-48.4113561,0.78125,169.8387097,35,0.04778805
PortalSummer.txt,Pani.hirt,0.002662559,-20.59168892,0.59375,181.1935484,6,0.051079815
PortalSummer.txt,Pani.mili,0.002970281,-427.4035973,0.4375,17.51612903,0,0.033141171
PortalSummer.txt,Pani.spp_,0.01417184,87.45844969,0.15625,1.64516129,0,0.031681854
PortalSummer.txt,Pect.papp,-0.021885444,-6.071645067,0.8125,633.9032258,122,0.064148062
PortalSummer.txt,Port.parv,-0.035733765,-21.8278048,0.375,310.4193548,0,0.034395029
PortalSummer.txt,Port.sp_2,NA,NA,0.03125,0.032258065,0,0.031251841
PortalSummer.txt,Port.spp_,NA,NA,0.03125,1.064516129,0,0.031339573
PortalSummer.txt,Prob.parv,NA,NA,0.0625,0.096774194,0,0.031275556
PortalSummer.txt,Sals.kali,NA,NA,0.0625,0.258064516,0,0.031263083
PortalSummer.txt,Sanv.aber,0.000740577,-2819.888725,0.25,2.096774194,0,0.031369604
PortalSummer.txt,Sida.spin,0.003667871,-113.1192242,0.5625,21.93548387,3,0.033106489
PortalSummer.txt,Sida.spp_,NA,NA,0.03125,0.258064516,0,0.031331646
PortalSummer.txt,Sola.rost,NA,NA,0.0625,0.129032258,0,0.031258678
PortalSummer.txt,Tali.angu,0.014722073,-8.892228828,0.28125,19.32258065,0,0.035729372
PortalSummer.txt,Tali.aura,0.020454467,-14.02952631,0.3125,41.29032258,0,0.039942822
PortalSummer.txt,Tide.lanu,0.014838569,5.718120684,0.875,292.8064516,149,0.062131384
PortalSummer.txt,Trag.bert,NA,NA,0.15625,0.741935484,0,0.031293188
PortalSummer.txt,Tria.port,0.001671857,-685.4186842,0.28125,4.483870968,0,0.031557409
PortalSummer.txt,Unk.grass,NA,NA,0.0625,0.935483871,0,0.03912287
PortalSummer.txt,Unkn.sp_,NA,NA,0.125,2.258064516,0,0.031725252
PortalSummer.txt,Verb.ence,NA,NA,0.125,1.032258065,0,0.031281468
PortalWinter,Ambr.arte,0.000348391,-2739.834969,0.28125,2.366666667,0,0.062791717
PortalWinter,Amsi.inte,NA,NA,0.03125,0.033333333,0,0.062501147
PortalWinter,Amsi.tess,NA,NA,0.09375,0.633333333,0,0.062525414
PortalWinter,Andr.occi,NA,NA,0.09375,0.666666667,0,0.062523484
PortalWinter,Astr.allo,0.01004583,-46.12202451,0.6875,18.8,7,0.063775694
PortalWinter,Astr.nutt,0.042985593,-11.2088847,0.78125,1165.7,390.5,0.126758523
PortalWinter,Astr.spp_,NA,NA,0.0625,16.23333333,0,0.063346652
PortalWinter,Bail.mult,0.030382388,5.972504286,0.8125,220.8,30.5,0.076487805
PortalWinter,Brom.rube,NA,NA,0.03125,0.033333333,0,0.062500855
PortalWinter,Caly.wrig,0.023422771,-57.73990038,0.28125,13.26666667,0,0.063032344
PortalWinter,Chae.stev,0.04212751,-24.8567474,0.6875,404.8666667,118.5,0.080105767
PortalWinter,Chen.frem,0.00844292,-58.89857977,0.3125,33.73333333,0,0.0644743
PortalWinter,Chor.tene,NA,NA,0.03125,0.066666667,0,0.062502293
PortalWinter,Cryp.cras,-0.070202549,1.181555394,0.78125,118.8,22.5,0.092551208
PortalWinter,Cryp.micr,0.024412286,-26.35781166,0.75,567.2866667,270.5,0.078355284
PortalWinter,Cryp.sp_3,NA,NA,0.03125,0.233333333,0,0.062510146
PortalWinter,Cryp.sp_4,NA,NA,0.03125,0.666666667,0,0.062528988
PortalWinter,D_.sp2,NA,NA,0.03125,0.7,0,0.062517948
PortalWinter,Dale.brac,0.004923155,-118.081958,0.1875,25.8,0,0.064141487
PortalWinter,Delp.sp_,3.67E-05,-4397.241397,0.1875,2.4,0,0.062635174
PortalWinter,Desc.pinn,0.024198056,-51.02692522,0.78125,535.8,236,0.082597525
PortalWinter,Desc.sp2,NA,NA,0.03125,0.1,0,0.06250569
PortalWinter,Dich.pulc.,0.001384286,-1361.139145,0.28125,13.6,0,0.062829357
PortalWinter,Dith.wisl,0.029355759,57.54085528,0.1875,3.333333333,0,0.063727815
PortalWinter,Eria.diff,-1.535607402,-0.287685982,0.84375,5643.827586,914,0.167493867
PortalWinter,Erig.dive,0.008192332,-38.06466163,0.78125,243.7666667,41.5,0.072643735
PortalWinter,Erio.aber,0.12432684,0.869137103,0.875,4040.266667,1167.5,0.245922666
PortalWinter,Erio.lemm,NA,NA,0.03125,0.833333333,0,0.063216743
PortalWinter,Erod.cicu,0.135009032,-2.548456123,0.875,3668.133333,1124.5,0.292849788
PortalWinter,Erod.texa,0.001299184,-58.95731067,0.75,32.36666667,20.5,0.066379175
PortalWinter,Esch.mexi,0.003146494,-337.8509699,0.5625,37.73333333,4.5,0.063933377
PortalWinter,Gili.sinu,0.011597311,-96.38419426,0.6875,289.8666667,22.5,0.06852173
PortalWinter,Hapl.grac,0.277794058,-4.284771093,0.71875,9651.466667,131.5,0.207823136
PortalWinter,Hoff.dens.,0.000667267,-1920.541162,0.1875,5.366666667,0,0.062617681
PortalWinter,Lapp.redo,0.007184329,-153.2909687,0.375,21.33333333,0,0.063327447
PortalWinter,Lepi.lasi,-0.002946389,45.43236537,0.625,48.6,15.5,0.063770292
PortalWinter,Lesq.gord,0.007830256,-60.4083733,0.78125,245.7666667,110.5,0.076234996
PortalWinter,Lina.bige,0.005892524,-722.4137726,0.125,28.83333333,0,0.063495032
PortalWinter,Lina.sp_,NA,NA,0.03125,0.033333333,0,0.062503129
PortalWinter,Lina.texa,NA,NA,0.0625,0.4,0,0.062515466
PortalWinter,Linanthus_sp_,NA,NA,0.03125,0.033333333,0,0.062980769
PortalWinter,Lupi.cocc,0.107255615,-1.537185343,0.3125,32.66666667,0,0.063571097
PortalWinter,Lupi.sp_,0.001355497,-1199.818623,0.34375,21.23333333,0,0.062983227
PortalWinter,Lupi.sp_2,0.004393342,-844.2447632,0.15625,14.43333333,0,0.062948418
PortalWinter,Mala.fend,0.030707503,37.51647794,0.625,220.5,10.5,0.069906405
PortalWinter,Micr.lene,0.005163257,-114.6029604,0.625,65.2,18,0.064689267
PortalWinter,Nama.hisp,NA,NA,0.125,0.766666667,0,0.062539192
PortalWinter,Oeno.prim,0.007559623,84.5670142,0.375,10.9,0,0.063199124
PortalWinter,Oeno.sp_,0.001105094,-1542.190588,0.21875,8.733333333,0,0.062687801
PortalWinter,Pani.hirt,NA,NA,0.0625,1.1,0,0.062701504
PortalWinter,Pech.,NA,NA,0.03125,0.066666667,0,0.062505348
PortalWinter,Pect.sp.1,NA,NA,0.03125,0.033333333,0,0.062980769
PortalWinter,Pect.sp_,0.004876913,-240.0193521,0.3125,31.16666667,0,0.063788936
PortalWinter,Phac.ariz,0.003036436,-106.4491242,0.6875,92.16666667,22.5,0.066157226
PortalWinter,Plag.ariz,0.002041776,-361.4408345,0.25,9.4,0,0.062859331
PortalWinter,Plan.purs,0.019299741,-57.90752794,0.78125,440.8333333,241.5,0.081423935
PortalWinter,Rume.sp.,0.001325586,-1814.064164,0.25,17.4,0,0.062885044
PortalWinter,Schi.barb,NA,NA,0.0625,1.533333333,0,0.062565158
PortalWinter,Sisy.irio,NA,NA,0.03125,0.033333333,0,0.062501092
PortalWinter,Sper.echi,0.030656402,-10.88776572,0.6875,331.7,76.5,0.071912163
PortalWinter,Step.exig,0.018764564,-25.69739068,0.5625,67.66666667,7,0.064718698
PortalWinter,unk.grass,NA,NA,0.0625,0.466666667,0,0.066430906
PortalWinter,unk1,NA,NA,0.0625,0.066666667,0,0.062503346
PortalWinter,unk2,NA,NA,0.0625,0.066666667,0,0.062503346
PortalWinter,unk3,NA,NA,0.03125,0.133333333,0,0.062505798
PortalWinter,unk4,NA,NA,0.03125,0.033333333,0,0.062501449
PortalWinter,unk5,NA,NA,0.03125,0.033333333,0,0.062501449
PortalWinter,Unkn.must,NA,NA,0.03125,0.3,0,0.062514589
PortalWinter,Unkn.sp_,NA,NA,0.09375,1.966666667,0,0.062675974
PortalWinter,Verb.ence,NA,NA,0.03125,0.133333333,0,0.062526573
PortalWinter,Vulp.octo,0.631157858,-0.965692515,0.4375,459.0333333,0,0.0776389
Steppe,Achillea.millefolium,NA,NA,0.038461538,0.260869565,0,0.115428672
Steppe,Achnatherum.hymenoides,NA,NA,0.038461538,0.443478261,0,0.115459512
Steppe,Achnatherum.nelsonii,NA,NA,0.038461538,0.043478261,0,0.115447667
Steppe,Adenostegia.ramosa,NA,NA,0.038461538,0.260869565,0,0.115428672
Steppe,Antennaria.microphylla,NA,NA,0.038461538,0.057971014,0,0.115394406
Steppe,Artemisia.tridentata,NA,NA,0.038461538,0.217391304,0,0.115699874
Steppe,Artemisia.tripartita,NA,NA,0.076923077,1.300724638,0,0.115966395
Steppe,Aster.spp_,NA,NA,0.038461538,0.217391304,0,0.115421329
Steppe,Astragalus.lentiginosus,NA,NA,0.076923077,0.285714286,0,0.115599995
Steppe,Bromus.tectorum,0.069030366,2.448536011,0.846153846,39.33487515,15.5,0.19324181
Steppe,Camissonia.andina,0.004922682,-107.1545538,0.423076923,8.796091348,0,0.119202373
Steppe,Castilleja.angustifolia,NA,NA,0.038461538,0.043478261,0,0.115391958
Steppe,Chenopodium.album,NA,NA,0.115384615,2.891304348,0,0.115853163
Steppe,Chenopodium.inamoenum,-0.001927952,-27.9311716,0.461538462,3.943490206,1,0.120601615
Steppe,Chenopodium.spp_,NA,NA,0.076923077,0.18115942,0,0.115770624
Steppe,Chrysothamnus.viscidiflorus,NA,NA,0.076923077,0.130434783,0,0.115518062
Steppe,Collinsia.parviflora,0.000930837,-105.0372047,0.230769231,1.521047431,0,0.11638105
Steppe,Comandra.umbellata,NA,NA,0.038461538,0.043478261,0,0.115437447
Steppe,Cordylanthus.ramosus,-0.002795398,-12.71124657,0.653846154,5.757266453,3.333333333,0.121507786
Steppe,Crepis.acuminata,NA,NA,0.076923077,21.61956522,0,0.118244844
Steppe,Crucifer,NA,NA,0.076923077,0.358695652,0,0.118398962
Steppe,Cryptantha.affinis,NA,NA,0.038461538,0.304347826,0,0.115475327
Steppe,Cryptantha.ambigua,NA,NA,0.076923077,1.565217391,0,0.115841682
Steppe,Cryptantha.spp_,-0.00517647,-37.46365788,0.269230769,2.572463768,0,0.117011869
Steppe,Descurainia.pinnata,NA,NA,0.153846154,0.358695652,0,0.115459634
Steppe,Descurainia.spp_,NA,NA,0.038461538,0.217391304,0,0.115500394
Steppe,Draba.spp_,NA,NA,0.038461538,0.195652174,0,0.115708124
Steppe,Draba.verna,NA,NA,0.038461538,0.173913043,0,0.115764482
Steppe,Erigeron.engelmannii,NA,NA,0.038461538,0.097826087,0,0.115526482
Steppe,Erigeron.spp_,NA,NA,0.038461538,0.152173913,0,0.115410315
Steppe,Eriogonum.microthecum,NA,NA,0.076923077,0.5,0,0.115998292
Steppe,Gayophytum.diffusum,0.006812533,-97.17111101,0.423076923,6.841304348,0,0.121467489
Steppe,Gayophytum.spp_,NA,NA,0.038461538,0.043478261,0,0.115469896
Steppe,Gilia.tweedyi,NA,NA,0.038461538,1.826086957,0,0.115625215
Steppe,Gutierrezia.sarothrae,NA,NA,0.076923077,0.213043478,0,0.115504158
Steppe,Hackelia.patens,NA,NA,0.038461538,0.326086957,0,0.115481806
Steppe,Hesperostipa.comata,NA,NA,0.038461538,7.043478261,0,0.116312642
Steppe,Koeleria.macrantha,NA,NA,0.038461538,0.217391304,0,0.115421329
Steppe,Lactuca.serriola,NA,NA,0.038461538,0.043478261,0,0.115479582
Steppe,Lactuca.spp_,NA,NA,0.076923077,0.463768116,0,0.115812129
Steppe,Lappula.occidentalis,-0.010553369,-12.03424715,0.730769231,12.26401005,5,0.138614564
Steppe,Lappula.sp_,NA,NA,0,0,0,0.115384615
Steppe,Lepidium.densiflorum,0.15796642,1.164833893,0.269230769,0.807246377,0,0.154103239
Steppe,Lepidium.spp_,NA,NA,0.153846154,0.835403727,0,0.116120275
Steppe,Leptosiphon.liniflorus,0.011882949,-127.1945894,0.269230769,11.24447895,0,0.118421641
Steppe,Lewisia.rediviva,NA,NA,0.038461538,0.217391304,0,0.115811018
Steppe,Linanthus.pungens,NA,NA,0.115384615,1.750724638,0,0.116210534
Steppe,Lithospermum.ruderale,NA,NA,0.038461538,0.043478261,0,0.115396787
Steppe,Lomatium.macrocarpum,NA,NA,0.038461538,0.043478261,0,0.115503324
Steppe,Lomatium.sp_,NA,NA,0.076923077,0.282608696,0,0.11559947
Steppe,Lupinus.caudatus,NA,NA,0.076923077,0.434782609,0,0.115497355
Steppe,Nassella.viridula,NA,NA,0.038461538,1.380434783,0,0.115617749
Steppe,Navarretia.breweri,NA,NA,0.038461538,1.304347826,0,0.115556472
Steppe,Orobanche.ludoviciana,NA,NA,0.076923077,0.086956522,0,0.115938939
Steppe,Orobanche.sp_,NA,NA,0.038461538,0.043478261,0,0.115418987
Steppe,Phlox.multiflora,NA,NA,0.076923077,0.213043478,0,0.115504158
Steppe,Phlox.stansburyi,NA,NA,0.076923077,0.170807453,0,0.115497025
Steppe,Poa.cusickii,NA,NA,0.038461538,0.27826087,0,0.115431609
Steppe,Poa.secunda,NA,NA,0.038461538,0.369565217,0,0.115447029
Steppe,Polygonum.buxiforme,NA,NA,0.076923077,0.397101449,0,0.115748794
Steppe,Polygonum.douglasii,0.022755762,-27.34779942,0.615384615,13.0808701,6.714285714,0.126624615
Steppe,Polygonum.engelmannii,NA,NA,0.038461538,0.52173913,0,0.120879121
Steppe,Polygonum.spp_,NA,NA,0.038461538,0.434782609,0,0.1165717
Steppe,Pseudoroegneria.spicata,NA,NA,0.115384615,7.056378404,0,0.117056232
Steppe,Salsola.tragus,NA,NA,0.192307692,0.891304348,0,0.116215519
Steppe,Sphaerostigma.andinum,0.186184313,2.390662843,0.307692308,16.89099379,0,0.122948811
Steppe,Tetradymia.canescens,NA,NA,0.076923077,0.263768116,0,0.11552201
Steppe,Thlaspi.arvense,NA,NA,0.038461538,0.043478261,0,0.115503324
Steppe,Tragopogon.dubius,NA,NA,0,0,0,0.115384615
Steppe,Tragopogon.spp_,NA,NA,0.115384615,0.173913043,0,0.115635833
Steppe,unknown.annual,0.097836456,-3.556464078,0.576923077,32.04841897,1.5,0.155451549
Steppe,unknown.annual.mustard,NA,NA,0.038461538,0.043478261,0,0.115397317
Steppe,Viola.praemorsa,NA,NA,0.038461538,0.065217391,0,0.11539563
